evaluation_date,horizon_days,facility_id,medicine_id,disease_category,risk_multiplier,expected_demand,stockout_probability,stockout_risk_level
2026-02-21,7,F001,C19_AG,COVID,0.9,13.05,0.09,Low
2026-02-21,14,F001,C19_AG,COVID,0.9,26.1,0.09,Low
2026-02-21,7,F001,C19_O2,COVID,0.9,15.97,0.09,Low
2026-02-21,14,F001,C19_O2,COVID,0.9,31.95,0.09,Low
2026-02-21,7,F001,C19_PPE,COVID,0.9,13.28,0.09,Low
2026-02-21,14,F001,C19_PPE,COVID,0.9,26.55,0.09,Low
2026-02-21,7,F001,GEN_ORZ,General,1.0,21.25,0.1,Low
2026-02-21,14,F001,GEN_ORZ,General,1.0,42.5,0.1,Low
2026-02-21,7,F001,GEN_PARA,General,1.0,19.75,0.1,Low
2026-02-21,14,F001,GEN_PARA,General,1.0,39.5,0.1,Low
2026-02-21,7,F001,HIV_CPT,HIV,1.1,19.8,0.11,Low
2026-02-21,14,F001,HIV_CPT,HIV,1.1,39.6,0.11,Low
2026-02-21,7,F001,HIV_TLD,HIV,1.1,18.15,0.11,Low
2026-02-21,14,F001,HIV_TLD,HIV,1.1,36.3,0.11,Low
2026-02-21,7,F001,MAL_ACT_AD,Malaria,1.3,75.08,1.0,High
2026-02-21,14,F001,MAL_ACT_AD,Malaria,1.3,150.15,1.0,High
2026-02-21,7,F001,MAL_ACT_PD,Malaria,1.3,86.78,0.13,Low
2026-02-21,14,F001,MAL_ACT_PD,Malaria,1.3,173.55,0.13,Low
2026-02-21,7,F001,MAL_RDT,Malaria,1.3,89.7,1.0,High
2026-02-21,14,F001,MAL_RDT,Malaria,1.3,179.4,1.0,High
2026-02-21,7,F002,C19_AG,COVID,1.1,18.98,0.11,Low
2026-02-21,14,F002,C19_AG,COVID,1.1,37.95,0.11,Low
2026-02-21,7,F002,C19_O2,COVID,1.1,16.23,0.11,Low
2026-02-21,14,F002,C19_O2,COVID,1.1,32.45,0.11,Low
2026-02-21,7,F002,C19_PPE,COVID,1.1,17.05,0.11,Low
2026-02-21,14,F002,C19_PPE,COVID,1.1,34.1,0.11,Low
2026-02-21,7,F002,GEN_ORZ,General,1.0,26.5,0.1,Low
2026-02-21,14,F002,GEN_ORZ,General,1.0,53.0,0.1,Low
2026-02-21,7,F002,GEN_PARA,General,1.0,26.0,0.1,Low
2026-02-21,14,F002,GEN_PARA,General,1.0,52.0,0.1,Low
2026-02-21,7,F002,HIV_CPT,HIV,1.1,20.08,0.11,Low
2026-02-21,14,F002,HIV_CPT,HIV,1.1,40.15,0.11,Low
2026-02-21,7,F002,HIV_TLD,HIV,1.1,23.1,0.11,Low
2026-02-21,14,F002,HIV_TLD,HIV,1.1,46.2,0.11,Low
2026-02-21,7,F002,MAL_ACT_AD,Malaria,0.9,38.25,0.09,Low
2026-02-21,14,F002,MAL_ACT_AD,Malaria,0.9,76.5,0.09,Low
2026-02-21,7,F002,MAL_ACT_PD,Malaria,0.9,33.98,0.36,Medium
2026-02-21,14,F002,MAL_ACT_PD,Malaria,0.9,67.95,0.36,Medium
2026-02-21,7,F002,MAL_RDT,Malaria,0.9,41.62,0.81,High
2026-02-21,14,F002,MAL_RDT,Malaria,0.9,83.25,0.81,High
2026-02-21,7,F003,C19_AG,COVID,1.1,10.45,0.11,Low
2026-02-21,14,F003,C19_AG,COVID,1.1,20.9,0.11,Low
2026-02-21,7,F003,C19_O2,COVID,1.1,13.2,0.11,Low
2026-02-21,14,F003,C19_O2,COVID,1.1,26.4,0.11,Low
2026-02-21,7,F003,C19_PPE,COVID,1.1,14.58,0.11,Low
2026-02-21,14,F003,C19_PPE,COVID,1.1,29.15,0.11,Low
2026-02-21,7,F003,GEN_ORZ,General,1.0,25.75,0.1,Low
2026-02-21,14,F003,GEN_ORZ,General,1.0,51.5,0.1,Low
2026-02-21,7,F003,GEN_PARA,General,1.0,21.75,0.1,Low
2026-02-21,14,F003,GEN_PARA,General,1.0,43.5,0.1,Low
2026-02-21,7,F003,HIV_CPT,HIV,0.9,13.28,0.09,Low
2026-02-21,14,F003,HIV_CPT,HIV,0.9,26.55,0.09,Low
2026-02-21,7,F003,HIV_TLD,HIV,0.9,14.85,0.09,Low
2026-02-21,14,F003,HIV_TLD,HIV,0.9,29.7,0.09,Low
2026-02-21,7,F003,MAL_ACT_AD,Malaria,1.1,34.38,0.11,Low
2026-02-21,14,F003,MAL_ACT_AD,Malaria,1.1,68.75,0.11,Low
2026-02-21,7,F003,MAL_ACT_PD,Malaria,1.1,37.12,0.11,Low
2026-02-21,14,F003,MAL_ACT_PD,Malaria,1.1,74.25,0.11,Low
2026-02-21,7,F003,MAL_RDT,Malaria,1.1,32.73,0.11,Low
2026-02-21,14,F003,MAL_RDT,Malaria,1.1,65.45,0.11,Low
2026-02-21,7,F004,C19_AG,COVID,0.9,16.65,0.09,Low
2026-02-21,14,F004,C19_AG,COVID,0.9,33.3,0.09,Low
2026-02-21,7,F004,C19_O2,COVID,0.9,11.47,0.09,Low
2026-02-21,14,F004,C19_O2,COVID,0.9,22.95,0.09,Low
2026-02-21,7,F004,C19_PPE,COVID,0.9,13.5,0.09,Low
2026-02-21,14,F004,C19_PPE,COVID,0.9,27.0,0.09,Low
2026-02-21,7,F004,GEN_ORZ,General,1.0,22.75,0.1,Low
2026-02-21,14,F004,GEN_ORZ,General,1.0,45.5,0.1,Low
2026-02-21,7,F004,GEN_PARA,General,1.0,24.25,0.1,Low
2026-02-21,14,F004,GEN_PARA,General,1.0,48.5,0.1,Low
2026-02-21,7,F004,HIV_CPT,HIV,1.1,22.0,0.11,Low
2026-02-21,14,F004,HIV_CPT,HIV,1.1,44.0,0.11,Low
2026-02-21,7,F004,HIV_TLD,HIV,1.1,16.23,0.11,Low
2026-02-21,14,F004,HIV_TLD,HIV,1.1,32.45,0.11,Low
2026-02-21,7,F004,MAL_ACT_AD,Malaria,1.3,83.85,0.13,Low
2026-02-21,14,F004,MAL_ACT_AD,Malaria,1.3,167.7,0.13,Low
2026-02-21,7,F004,MAL_ACT_PD,Malaria,1.3,79.3,0.13,Low
2026-02-21,14,F004,MAL_ACT_PD,Malaria,1.3,158.6,0.13,Low
2026-02-21,7,F004,MAL_RDT,Malaria,1.3,81.57,0.13,Low
2026-02-21,14,F004,MAL_RDT,Malaria,1.3,163.15,0.13,Low
2026-02-21,7,F005,C19_AG,COVID,0.9,15.3,0.09,Low
2026-02-21,14,F005,C19_AG,COVID,0.9,30.6,0.09,Low
2026-02-21,7,F005,C19_O2,COVID,0.9,12.38,0.09,Low
2026-02-21,14,F005,C19_O2,COVID,0.9,24.75,0.09,Low
2026-02-21,7,F005,C19_PPE,COVID,0.9,10.35,0.09,Low
2026-02-21,14,F005,C19_PPE,COVID,0.9,20.7,0.09,Low
2026-02-21,7,F005,GEN_ORZ,General,1.0,22.75,0.1,Low
2026-02-21,14,F005,GEN_ORZ,General,1.0,45.5,0.1,Low
2026-02-21,7,F005,GEN_PARA,General,1.0,26.5,0.1,Low
2026-02-21,14,F005,GEN_PARA,General,1.0,53.0,0.1,Low
2026-02-21,7,F005,HIV_CPT,HIV,1.1,19.8,0.11,Low
2026-02-21,14,F005,HIV_CPT,HIV,1.1,39.6,0.11,Low
2026-02-21,7,F005,HIV_TLD,HIV,1.1,16.23,0.11,Low
2026-02-21,14,F005,HIV_TLD,HIV,1.1,32.45,0.11,Low
2026-02-21,7,F005,MAL_ACT_AD,Malaria,1.3,87.75,0.13,Low
2026-02-21,14,F005,MAL_ACT_AD,Malaria,1.3,175.5,0.13,Low
2026-02-21,7,F005,MAL_ACT_PD,Malaria,1.3,82.88,0.13,Low
2026-02-21,14,F005,MAL_ACT_PD,Malaria,1.3,165.75,0.13,Low
2026-02-21,7,F005,MAL_RDT,Malaria,1.3,81.9,0.13,Low
2026-02-21,14,F005,MAL_RDT,Malaria,1.3,163.8,0.13,Low
2026-02-21,7,F006,C19_AG,COVID,1.3,31.2,0.13,Low
2026-02-21,14,F006,C19_AG,COVID,1.3,62.4,0.13,Low
2026-02-21,7,F006,C19_O2,COVID,1.3,32.83,0.13,Low
2026-02-21,14,F006,C19_O2,COVID,1.3,65.65,0.13,Low
2026-02-21,7,F006,C19_PPE,COVID,1.3,30.23,0.13,Low
2026-02-21,14,F006,C19_PPE,COVID,1.3,60.45,0.13,Low
2026-02-21,7,F006,GEN_ORZ,General,1.0,32.25,0.1,Low
2026-02-21,14,F006,GEN_ORZ,General,1.0,64.5,0.1,Low
2026-02-21,7,F006,GEN_PARA,General,1.0,36.25,0.1,Low
2026-02-21,14,F006,GEN_PARA,General,1.0,72.5,0.1,Low
2026-02-21,7,F006,HIV_CPT,HIV,1.1,34.93,0.11,Low
2026-02-21,14,F006,HIV_CPT,HIV,1.1,69.85,0.11,Low
2026-02-21,7,F006,HIV_TLD,HIV,1.1,42.62,0.11,Low
2026-02-21,14,F006,HIV_TLD,HIV,1.1,85.25,0.11,Low
2026-02-21,7,F006,MAL_ACT_AD,Malaria,1.3,123.83,0.13,Low
2026-02-21,14,F006,MAL_ACT_AD,Malaria,1.3,247.65,0.13,Low
2026-02-21,7,F006,MAL_ACT_PD,Malaria,1.3,119.28,0.13,Low
2026-02-21,14,F006,MAL_ACT_PD,Malaria,1.3,238.55,0.13,Low
2026-02-21,7,F006,MAL_RDT,Malaria,1.3,127.73,0.13,Low
2026-02-21,14,F006,MAL_RDT,Malaria,1.3,255.45,0.13,Low
2026-02-21,7,F007,C19_AG,COVID,1.1,23.93,0.11,Low
2026-02-21,14,F007,C19_AG,COVID,1.1,47.85,0.11,Low
2026-02-21,7,F007,C19_O2,COVID,1.1,21.18,0.11,Low
2026-02-21,14,F007,C19_O2,COVID,1.1,42.35,0.11,Low
2026-02-21,7,F007,C19_PPE,COVID,1.1,18.7,0.11,Low
2026-02-21,14,F007,C19_PPE,COVID,1.1,37.4,0.11,Low
2026-02-21,7,F007,GEN_ORZ,General,1.0,26.25,0.1,Low
2026-02-21,14,F007,GEN_ORZ,General,1.0,52.5,0.1,Low
2026-02-21,7,F007,GEN_PARA,General,1.0,25.25,0.1,Low
2026-02-21,14,F007,GEN_PARA,General,1.0,50.5,0.1,Low
2026-02-21,7,F007,HIV_CPT,HIV,1.1,25.85,0.11,Low
2026-02-21,14,F007,HIV_CPT,HIV,1.1,51.7,0.11,Low
2026-02-21,7,F007,HIV_TLD,HIV,1.1,23.65,0.11,Low
2026-02-21,14,F007,HIV_TLD,HIV,1.1,47.3,0.11,Low
2026-02-21,7,F007,MAL_ACT_AD,Malaria,1.1,43.73,0.11,Low
2026-02-21,14,F007,MAL_ACT_AD,Malaria,1.1,87.45,0.11,Low
2026-02-21,7,F007,MAL_ACT_PD,Malaria,1.1,45.1,0.11,Low
2026-02-21,14,F007,MAL_ACT_PD,Malaria,1.1,90.2,0.11,Low
2026-02-21,7,F007,MAL_RDT,Malaria,1.1,44.83,0.11,Low
2026-02-21,14,F007,MAL_RDT,Malaria,1.1,89.65,0.11,Low
2026-02-21,7,F008,C19_AG,COVID,1.1,13.48,0.11,Low
2026-02-21,14,F008,C19_AG,COVID,1.1,26.95,0.11,Low
2026-02-21,7,F008,C19_O2,COVID,1.1,16.77,0.11,Low
2026-02-21,14,F008,C19_O2,COVID,1.1,33.55,0.11,Low
2026-02-21,7,F008,C19_PPE,COVID,1.1,23.65,0.11,Low
2026-02-21,14,F008,C19_PPE,COVID,1.1,47.3,0.11,Low
2026-02-21,7,F008,GEN_ORZ,General,1.0,33.0,0.1,Low
2026-02-21,14,F008,GEN_ORZ,General,1.0,66.0,0.1,Low
2026-02-21,7,F008,GEN_PARA,General,1.0,36.5,0.1,Low
2026-02-21,14,F008,GEN_PARA,General,1.0,73.0,0.1,Low
2026-02-21,7,F008,HIV_CPT,HIV,0.9,20.93,0.09,Low
2026-02-21,14,F008,HIV_CPT,HIV,0.9,41.85,0.09,Low
2026-02-21,7,F008,HIV_TLD,HIV,0.9,21.82,0.09,Low
2026-02-21,14,F008,HIV_TLD,HIV,0.9,43.65,0.09,Low
2026-02-21,7,F008,MAL_ACT_AD,Malaria,1.1,53.63,0.11,Low
2026-02-21,14,F008,MAL_ACT_AD,Malaria,1.1,107.25,0.11,Low
2026-02-21,7,F008,MAL_ACT_PD,Malaria,1.1,54.45,0.11,Low
2026-02-21,14,F008,MAL_ACT_PD,Malaria,1.1,108.9,0.11,Low
2026-02-21,7,F008,MAL_RDT,Malaria,1.1,54.73,0.11,Low
2026-02-21,14,F008,MAL_RDT,Malaria,1.1,109.45,0.11,Low
2026-02-21,7,F009,C19_AG,COVID,1.1,15.68,0.11,Low
2026-02-21,14,F009,C19_AG,COVID,1.1,31.35,0.11,Low
2026-02-21,7,F009,C19_O2,COVID,1.1,15.68,0.11,Low
2026-02-21,14,F009,C19_O2,COVID,1.1,31.35,0.11,Low
2026-02-21,7,F009,C19_PPE,COVID,1.1,17.33,0.11,Low
2026-02-21,14,F009,C19_PPE,COVID,1.1,34.65,0.11,Low
2026-02-21,7,F009,GEN_ORZ,General,1.0,22.25,0.1,Low
2026-02-21,14,F009,GEN_ORZ,General,1.0,44.5,0.1,Low
2026-02-21,7,F009,GEN_PARA,General,1.0,24.0,0.1,Low
2026-02-21,14,F009,GEN_PARA,General,1.0,48.0,0.1,Low
2026-02-21,7,F009,HIV_CPT,HIV,1.3,26.0,0.13,Low
2026-02-21,14,F009,HIV_CPT,HIV,1.3,52.0,0.13,Low
2026-02-21,7,F009,HIV_TLD,HIV,1.3,28.28,0.13,Low
2026-02-21,14,F009,HIV_TLD,HIV,1.3,56.55,0.13,Low
2026-02-21,7,F009,MAL_ACT_AD,Malaria,0.9,23.62,0.09,Low
2026-02-21,14,F009,MAL_ACT_AD,Malaria,0.9,47.25,0.09,Low
2026-02-21,7,F009,MAL_ACT_PD,Malaria,0.9,26.78,0.09,Low
2026-02-21,14,F009,MAL_ACT_PD,Malaria,0.9,53.55,0.09,Low
2026-02-21,7,F009,MAL_RDT,Malaria,0.9,32.18,0.09,Low
2026-02-21,14,F009,MAL_RDT,Malaria,0.9,64.35,0.09,Low
2026-02-21,7,F010,C19_AG,COVID,1.1,21.73,0.11,Low
2026-02-21,14,F010,C19_AG,COVID,1.1,43.45,0.11,Low
2026-02-21,7,F010,C19_O2,COVID,1.1,19.8,0.11,Low
2026-02-21,14,F010,C19_O2,COVID,1.1,39.6,0.11,Low
2026-02-21,7,F010,C19_PPE,COVID,1.1,18.98,0.11,Low
2026-02-21,14,F010,C19_PPE,COVID,1.1,37.95,0.11,Low
2026-02-21,7,F010,GEN_ORZ,General,1.0,23.0,0.1,Low
2026-02-21,14,F010,GEN_ORZ,General,1.0,46.0,0.1,Low
2026-02-21,7,F010,GEN_PARA,General,1.0,22.25,0.1,Low
2026-02-21,14,F010,GEN_PARA,General,1.0,44.5,0.1,Low
2026-02-21,7,F010,HIV_CPT,HIV,1.1,22.28,0.11,Low
2026-02-21,14,F010,HIV_CPT,HIV,1.1,44.55,0.11,Low
2026-02-21,7,F010,HIV_TLD,HIV,1.1,24.75,0.11,Low
2026-02-21,14,F010,HIV_TLD,HIV,1.1,49.5,0.11,Low
2026-02-21,7,F010,MAL_ACT_AD,Malaria,1.1,48.13,0.11,Low
2026-02-21,14,F010,MAL_ACT_AD,Malaria,1.1,96.25,0.11,Low
2026-02-21,7,F010,MAL_ACT_PD,Malaria,1.1,43.18,0.11,Low
2026-02-21,14,F010,MAL_ACT_PD,Malaria,1.1,86.35,0.11,Low
2026-02-21,7,F010,MAL_RDT,Malaria,1.1,42.08,0.11,Low
2026-02-21,14,F010,MAL_RDT,Malaria,1.1,84.15,0.11,Low
2026-02-21,7,F011,C19_AG,COVID,1.1,11.28,0.11,Low
2026-02-21,14,F011,C19_AG,COVID,1.1,22.55,0.11,Low
2026-02-21,7,F011,C19_O2,COVID,1.1,9.9,0.11,Low
2026-02-21,14,F011,C19_O2,COVID,1.1,19.8,0.11,Low
2026-02-21,7,F011,C19_PPE,COVID,1.1,12.1,0.11,Low
2026-02-21,14,F011,C19_PPE,COVID,1.1,24.2,0.11,Low
2026-02-21,7,F011,GEN_ORZ,General,1.0,15.0,0.1,Low
2026-02-21,14,F011,GEN_ORZ,General,1.0,30.0,0.1,Low
2026-02-21,7,F011,GEN_PARA,General,1.0,20.75,0.1,Low
2026-02-21,14,F011,GEN_PARA,General,1.0,41.5,0.1,Low
2026-02-21,7,F011,HIV_CPT,HIV,0.9,11.03,0.09,Low
2026-02-21,14,F011,HIV_CPT,HIV,0.9,22.05,0.09,Low
2026-02-21,7,F011,HIV_TLD,HIV,0.9,10.12,0.09,Low
2026-02-21,14,F011,HIV_TLD,HIV,0.9,20.25,0.09,Low
2026-02-21,7,F011,MAL_ACT_AD,Malaria,1.1,23.1,0.11,Low
2026-02-21,14,F011,MAL_ACT_AD,Malaria,1.1,46.2,0.11,Low
2026-02-21,7,F011,MAL_ACT_PD,Malaria,1.1,24.2,0.11,Low
2026-02-21,14,F011,MAL_ACT_PD,Malaria,1.1,48.4,0.11,Low
2026-02-21,7,F011,MAL_RDT,Malaria,1.1,25.3,0.11,Low
2026-02-21,14,F011,MAL_RDT,Malaria,1.1,50.6,0.11,Low
2026-02-21,7,F012,C19_AG,COVID,1.1,10.73,0.11,Low
2026-02-21,14,F012,C19_AG,COVID,1.1,21.45,0.11,Low
2026-02-21,7,F012,C19_O2,COVID,1.1,11.55,0.11,Low
2026-02-21,14,F012,C19_O2,COVID,1.1,23.1,0.11,Low
2026-02-21,7,F012,C19_PPE,COVID,1.1,13.48,0.11,Low
2026-02-21,14,F012,C19_PPE,COVID,1.1,26.95,0.11,Low
2026-02-21,7,F012,GEN_ORZ,General,1.0,17.0,0.1,Low
2026-02-21,14,F012,GEN_ORZ,General,1.0,34.0,0.1,Low
2026-02-21,7,F012,GEN_PARA,General,1.0,16.25,0.1,Low
2026-02-21,14,F012,GEN_PARA,General,1.0,32.5,0.1,Low
2026-02-21,7,F012,HIV_CPT,HIV,0.9,12.6,0.09,Low
2026-02-21,14,F012,HIV_CPT,HIV,0.9,25.2,0.09,Low
2026-02-21,7,F012,HIV_TLD,HIV,0.9,10.58,0.09,Low
2026-02-21,14,F012,HIV_TLD,HIV,0.9,21.15,0.09,Low
2026-02-21,7,F012,MAL_ACT_AD,Malaria,1.1,22.83,0.11,Low
2026-02-21,14,F012,MAL_ACT_AD,Malaria,1.1,45.65,0.11,Low
2026-02-21,7,F012,MAL_ACT_PD,Malaria,1.1,27.5,0.11,Low
2026-02-21,14,F012,MAL_ACT_PD,Malaria,1.1,55.0,0.11,Low
2026-02-21,7,F012,MAL_RDT,Malaria,1.1,23.65,0.11,Low
2026-02-21,14,F012,MAL_RDT,Malaria,1.1,47.3,0.11,Low
2026-02-21,7,F013,C19_AG,COVID,1.1,19.8,0.11,Low
2026-02-21,14,F013,C19_AG,COVID,1.1,39.6,0.11,Low
2026-02-21,7,F013,C19_O2,COVID,1.1,17.33,0.11,Low
2026-02-21,14,F013,C19_O2,COVID,1.1,34.65,0.11,Low
2026-02-21,7,F013,C19_PPE,COVID,1.1,21.18,0.11,Low
2026-02-21,14,F013,C19_PPE,COVID,1.1,42.35,0.11,Low
2026-02-21,7,F013,GEN_ORZ,General,1.0,24.75,0.1,Low
2026-02-21,14,F013,GEN_ORZ,General,1.0,49.5,0.1,Low
2026-02-21,7,F013,GEN_PARA,General,1.0,27.25,0.1,Low
2026-02-21,14,F013,GEN_PARA,General,1.0,54.5,0.1,Low
2026-02-21,7,F013,HIV_CPT,HIV,1.3,31.2,0.13,Low
2026-02-21,14,F013,HIV_CPT,HIV,1.3,62.4,0.13,Low
2026-02-21,7,F013,HIV_TLD,HIV,1.3,31.85,0.13,Low
2026-02-21,14,F013,HIV_TLD,HIV,1.3,63.7,0.13,Low
2026-02-21,7,F013,MAL_ACT_AD,Malaria,0.9,28.12,0.09,Low
2026-02-21,14,F013,MAL_ACT_AD,Malaria,0.9,56.25,0.09,Low
2026-02-21,7,F013,MAL_ACT_PD,Malaria,0.9,25.43,0.09,Low
2026-02-21,14,F013,MAL_ACT_PD,Malaria,0.9,50.85,0.09,Low
2026-02-21,7,F013,MAL_RDT,Malaria,0.9,23.85,0.09,Low
2026-02-21,14,F013,MAL_RDT,Malaria,0.9,47.7,0.09,Low
2026-02-21,7,F014,C19_AG,COVID,1.1,22.28,0.11,Low
2026-02-21,14,F014,C19_AG,COVID,1.1,44.55,0.11,Low
2026-02-21,7,F014,C19_O2,COVID,1.1,17.33,0.11,Low
2026-02-21,14,F014,C19_O2,COVID,1.1,34.65,0.11,Low
2026-02-21,7,F014,C19_PPE,COVID,1.1,22.0,0.11,Low
2026-02-21,14,F014,C19_PPE,COVID,1.1,44.0,0.11,Low
2026-02-21,7,F014,GEN_ORZ,General,1.0,22.0,0.1,Low
2026-02-21,14,F014,GEN_ORZ,General,1.0,44.0,0.1,Low
2026-02-21,7,F014,GEN_PARA,General,1.0,25.5,0.1,Low
2026-02-21,14,F014,GEN_PARA,General,1.0,51.0,0.1,Low
2026-02-21,7,F014,HIV_CPT,HIV,1.1,25.58,0.11,Low
2026-02-21,14,F014,HIV_CPT,HIV,1.1,51.15,0.11,Low
2026-02-21,7,F014,HIV_TLD,HIV,1.1,21.45,0.11,Low
2026-02-21,14,F014,HIV_TLD,HIV,1.1,42.9,0.11,Low
2026-02-21,7,F014,MAL_ACT_AD,Malaria,1.1,46.75,0.11,Low
2026-02-21,14,F014,MAL_ACT_AD,Malaria,1.1,93.5,0.11,Low
2026-02-21,7,F014,MAL_ACT_PD,Malaria,1.1,44.55,0.11,Low
2026-02-21,14,F014,MAL_ACT_PD,Malaria,1.1,89.1,0.11,Low
2026-02-21,7,F014,MAL_RDT,Malaria,1.1,46.2,0.11,Low
2026-02-21,14,F014,MAL_RDT,Malaria,1.1,92.4,0.11,Low
2026-02-21,7,F015,C19_AG,COVID,1.3,40.95,0.13,Low
2026-02-21,14,F015,C19_AG,COVID,1.3,81.9,0.13,Low
2026-02-21,7,F015,C19_O2,COVID,1.3,31.53,0.13,Low
2026-02-21,14,F015,C19_O2,COVID,1.3,63.05,0.13,Low
2026-02-21,7,F015,C19_PPE,COVID,1.3,35.75,0.13,Low
2026-02-21,14,F015,C19_PPE,COVID,1.3,71.5,0.13,Low
2026-02-21,7,F015,GEN_ORZ,General,1.0,40.75,0.1,Low
2026-02-21,14,F015,GEN_ORZ,General,1.0,81.5,0.1,Low
2026-02-21,7,F015,GEN_PARA,General,1.0,38.75,0.1,Low
2026-02-21,14,F015,GEN_PARA,General,1.0,77.5,0.1,Low
2026-02-21,7,F015,HIV_CPT,HIV,1.1,35.75,0.11,Low
2026-02-21,14,F015,HIV_CPT,HIV,1.1,71.5,0.11,Low
2026-02-21,7,F015,HIV_TLD,HIV,1.1,34.38,0.11,Low
2026-02-21,14,F015,HIV_TLD,HIV,1.1,68.75,0.11,Low
2026-02-21,7,F015,MAL_ACT_AD,Malaria,1.3,117.98,0.13,Low
2026-02-21,14,F015,MAL_ACT_AD,Malaria,1.3,235.95,0.13,Low
2026-02-21,7,F015,MAL_ACT_PD,Malaria,1.3,123.83,0.13,Low
2026-02-21,14,F015,MAL_ACT_PD,Malaria,1.3,247.65,0.13,Low
2026-02-21,7,F015,MAL_RDT,Malaria,1.3,116.03,0.13,Low
2026-02-21,14,F015,MAL_RDT,Malaria,1.3,232.05,0.13,Low
2026-02-21,7,F016,C19_AG,COVID,1.1,24.48,0.11,Low
2026-02-21,14,F016,C19_AG,COVID,1.1,48.95,0.11,Low
2026-02-21,7,F016,C19_O2,COVID,1.1,25.85,0.11,Low
2026-02-21,14,F016,C19_O2,COVID,1.1,51.7,0.11,Low
2026-02-21,7,F016,C19_PPE,COVID,1.1,25.85,0.11,Low
2026-02-21,14,F016,C19_PPE,COVID,1.1,51.7,0.11,Low
2026-02-21,7,F016,GEN_ORZ,General,1.0,33.5,0.1,Low
2026-02-21,14,F016,GEN_ORZ,General,1.0,67.0,0.1,Low
2026-02-21,7,F016,GEN_PARA,General,1.0,38.25,0.1,Low
2026-02-21,14,F016,GEN_PARA,General,1.0,76.5,0.1,Low
2026-02-21,7,F016,HIV_CPT,HIV,1.1,33.28,0.11,Low
2026-02-21,14,F016,HIV_CPT,HIV,1.1,66.55,0.11,Low
2026-02-21,7,F016,HIV_TLD,HIV,1.1,32.18,0.11,Low
2026-02-21,14,F016,HIV_TLD,HIV,1.1,64.35,0.11,Low
2026-02-21,7,F016,MAL_ACT_AD,Malaria,0.9,54.9,0.09,Low
2026-02-21,14,F016,MAL_ACT_AD,Malaria,0.9,109.8,0.09,Low
2026-02-21,7,F016,MAL_ACT_PD,Malaria,0.9,58.95,0.09,Low
2026-02-21,14,F016,MAL_ACT_PD,Malaria,0.9,117.9,0.09,Low
2026-02-21,7,F016,MAL_RDT,Malaria,0.9,56.02,0.09,Low
2026-02-21,14,F016,MAL_RDT,Malaria,0.9,112.05,0.09,Low
2026-02-21,7,F017,C19_AG,COVID,1.1,9.08,0.11,Low
2026-02-21,14,F017,C19_AG,COVID,1.1,18.15,0.11,Low
2026-02-21,7,F017,C19_O2,COVID,1.1,10.45,0.11,Low
2026-02-21,14,F017,C19_O2,COVID,1.1,20.9,0.11,Low
2026-02-21,7,F017,C19_PPE,COVID,1.1,7.98,0.11,Low
2026-02-21,14,F017,C19_PPE,COVID,1.1,15.95,0.11,Low
2026-02-21,7,F017,GEN_ORZ,General,1.0,18.25,0.1,Low
2026-02-21,14,F017,GEN_ORZ,General,1.0,36.5,0.1,Low
2026-02-21,7,F017,GEN_PARA,General,1.0,14.75,0.1,Low
2026-02-21,14,F017,GEN_PARA,General,1.0,29.5,0.1,Low
2026-02-21,7,F017,HIV_CPT,HIV,0.9,12.38,0.09,Low
2026-02-21,14,F017,HIV_CPT,HIV,0.9,24.75,0.09,Low
2026-02-21,7,F017,HIV_TLD,HIV,0.9,8.33,0.09,Low
2026-02-21,14,F017,HIV_TLD,HIV,0.9,16.65,0.09,Low
2026-02-21,7,F017,MAL_ACT_AD,Malaria,1.1,21.45,0.11,Low
2026-02-21,14,F017,MAL_ACT_AD,Malaria,1.1,42.9,0.11,Low
2026-02-21,7,F017,MAL_ACT_PD,Malaria,1.1,25.58,0.11,Low
2026-02-21,14,F017,MAL_ACT_PD,Malaria,1.1,51.15,0.11,Low
2026-02-21,7,F017,MAL_RDT,Malaria,1.1,26.4,0.11,Low
2026-02-21,14,F017,MAL_RDT,Malaria,1.1,52.8,0.11,Low
2026-02-21,7,F018,C19_AG,COVID,0.9,12.83,0.09,Low
2026-02-21,14,F018,C19_AG,COVID,0.9,25.65,0.09,Low
2026-02-21,7,F018,C19_O2,COVID,0.9,13.28,0.09,Low
2026-02-21,14,F018,C19_O2,COVID,0.9,26.55,0.09,Low
2026-02-21,7,F018,C19_PPE,COVID,0.9,15.3,0.09,Low
2026-02-21,14,F018,C19_PPE,COVID,0.9,30.6,0.09,Low
2026-02-21,7,F018,GEN_ORZ,General,1.0,25.0,0.1,Low
2026-02-21,14,F018,GEN_ORZ,General,1.0,50.0,0.1,Low
2026-02-21,7,F018,GEN_PARA,General,1.0,29.25,0.1,Low
2026-02-21,14,F018,GEN_PARA,General,1.0,58.5,0.1,Low
2026-02-21,7,F018,HIV_CPT,HIV,1.1,22.83,0.11,Low
2026-02-21,14,F018,HIV_CPT,HIV,1.1,45.65,0.11,Low
2026-02-21,7,F018,HIV_TLD,HIV,1.1,21.45,0.11,Low
2026-02-21,14,F018,HIV_TLD,HIV,1.1,42.9,0.11,Low
2026-02-21,7,F018,MAL_ACT_AD,Malaria,1.3,89.38,1.0,High
2026-02-21,14,F018,MAL_ACT_AD,Malaria,1.3,178.75,1.0,High
2026-02-21,7,F018,MAL_ACT_PD,Malaria,1.3,90.35,0.13,Low
2026-02-21,14,F018,MAL_ACT_PD,Malaria,1.3,180.7,0.13,Low
2026-02-21,7,F018,MAL_RDT,Malaria,1.3,79.3,0.13,Low
2026-02-21,14,F018,MAL_RDT,Malaria,1.3,158.6,0.13,Low
2026-02-21,7,F019,C19_AG,COVID,1.3,18.53,0.13,Low
2026-02-21,14,F019,C19_AG,COVID,1.3,37.05,0.13,Low
2026-02-21,7,F019,C19_O2,COVID,1.3,22.75,0.13,Low
2026-02-21,14,F019,C19_O2,COVID,1.3,45.5,0.13,Low
2026-02-21,7,F019,C19_PPE,COVID,1.3,18.2,0.13,Low
2026-02-21,14,F019,C19_PPE,COVID,1.3,36.4,0.13,Low
2026-02-21,7,F019,GEN_ORZ,General,1.0,20.25,0.1,Low
2026-02-21,14,F019,GEN_ORZ,General,1.0,40.5,0.1,Low
2026-02-21,7,F019,GEN_PARA,General,1.0,26.5,0.1,Low
2026-02-21,14,F019,GEN_PARA,General,1.0,53.0,0.1,Low
2026-02-21,7,F019,HIV_CPT,HIV,1.1,22.28,0.11,Low
2026-02-21,14,F019,HIV_CPT,HIV,1.1,44.55,0.11,Low
2026-02-21,7,F019,HIV_TLD,HIV,1.1,21.45,0.11,Low
2026-02-21,14,F019,HIV_TLD,HIV,1.1,42.9,0.11,Low
2026-02-21,7,F019,MAL_ACT_AD,Malaria,1.3,86.78,0.13,Low
2026-02-21,14,F019,MAL_ACT_AD,Malaria,1.3,173.55,0.13,Low
2026-02-21,7,F019,MAL_ACT_PD,Malaria,1.3,78.0,0.13,Low
2026-02-21,14,F019,MAL_ACT_PD,Malaria,1.3,156.0,0.13,Low
2026-02-21,7,F019,MAL_RDT,Malaria,1.3,89.05,0.13,Low
2026-02-21,14,F019,MAL_RDT,Malaria,1.3,178.1,0.13,Low
2026-02-21,7,F020,C19_AG,COVID,1.1,15.95,0.11,Low
2026-02-21,14,F020,C19_AG,COVID,1.1,31.9,0.11,Low
2026-02-21,7,F020,C19_O2,COVID,1.1,12.38,0.11,Low
2026-02-21,14,F020,C19_O2,COVID,1.1,24.75,0.11,Low
2026-02-21,7,F020,C19_PPE,COVID,1.1,20.35,0.11,Low
2026-02-21,14,F020,C19_PPE,COVID,1.1,40.7,0.11,Low
2026-02-21,7,F020,GEN_ORZ,General,1.0,21.25,0.1,Low
2026-02-21,14,F020,GEN_ORZ,General,1.0,42.5,0.1,Low
2026-02-21,7,F020,GEN_PARA,General,1.0,28.75,0.1,Low
2026-02-21,14,F020,GEN_PARA,General,1.0,57.5,0.1,Low
2026-02-21,7,F020,HIV_CPT,HIV,1.1,27.5,0.11,Low
2026-02-21,14,F020,HIV_CPT,HIV,1.1,55.0,0.11,Low
2026-02-21,7,F020,HIV_TLD,HIV,1.1,28.05,0.11,Low
2026-02-21,14,F020,HIV_TLD,HIV,1.1,56.1,0.11,Low
2026-02-21,7,F020,MAL_ACT_AD,Malaria,1.1,44.83,0.11,Low
2026-02-21,14,F020,MAL_ACT_AD,Malaria,1.1,89.65,0.11,Low
2026-02-21,7,F020,MAL_ACT_PD,Malaria,1.1,48.13,0.11,Low
2026-02-21,14,F020,MAL_ACT_PD,Malaria,1.1,96.25,0.11,Low
2026-02-21,7,F020,MAL_RDT,Malaria,1.1,46.48,0.11,Low
2026-02-21,14,F020,MAL_RDT,Malaria,1.1,92.95,0.11,Low
2026-02-21,7,F021,C19_AG,COVID,1.1,19.25,0.11,Low
2026-02-21,14,F021,C19_AG,COVID,1.1,38.5,0.11,Low
2026-02-21,7,F021,C19_O2,COVID,1.1,19.53,0.11,Low
2026-02-21,14,F021,C19_O2,COVID,1.1,39.05,0.11,Low
2026-02-21,7,F021,C19_PPE,COVID,1.1,23.65,0.11,Low
2026-02-21,14,F021,C19_PPE,COVID,1.1,47.3,0.11,Low
2026-02-21,7,F021,GEN_ORZ,General,1.0,21.5,0.1,Low
2026-02-21,14,F021,GEN_ORZ,General,1.0,43.0,0.1,Low
2026-02-21,7,F021,GEN_PARA,General,1.0,24.25,0.1,Low
2026-02-21,14,F021,GEN_PARA,General,1.0,48.5,0.1,Low
2026-02-21,7,F021,HIV_CPT,HIV,1.3,24.7,0.13,Low
2026-02-21,14,F021,HIV_CPT,HIV,1.3,49.4,0.13,Low
2026-02-21,7,F021,HIV_TLD,HIV,1.3,27.62,0.13,Low
2026-02-21,14,F021,HIV_TLD,HIV,1.3,55.25,0.13,Low
2026-02-21,7,F021,MAL_ACT_AD,Malaria,0.9,27.0,0.09,Low
2026-02-21,14,F021,MAL_ACT_AD,Malaria,0.9,54.0,0.09,Low
2026-02-21,7,F021,MAL_ACT_PD,Malaria,0.9,24.98,0.09,Low
2026-02-21,14,F021,MAL_ACT_PD,Malaria,0.9,49.95,0.09,Low
2026-02-21,7,F021,MAL_RDT,Malaria,0.9,28.12,0.09,Low
2026-02-21,14,F021,MAL_RDT,Malaria,0.9,56.25,0.09,Low
2026-02-21,7,F022,C19_AG,COVID,1.1,23.65,0.11,Low
2026-02-21,14,F022,C19_AG,COVID,1.1,47.3,0.11,Low
2026-02-21,7,F022,C19_O2,COVID,1.1,17.05,0.11,Low
2026-02-21,14,F022,C19_O2,COVID,1.1,34.1,0.11,Low
2026-02-21,7,F022,C19_PPE,COVID,1.1,19.8,0.11,Low
2026-02-21,14,F022,C19_PPE,COVID,1.1,39.6,0.11,Low
2026-02-21,7,F022,GEN_ORZ,General,1.0,24.0,0.1,Low
2026-02-21,14,F022,GEN_ORZ,General,1.0,48.0,0.1,Low
2026-02-21,7,F022,GEN_PARA,General,1.0,24.0,0.1,Low
2026-02-21,14,F022,GEN_PARA,General,1.0,48.0,0.1,Low
2026-02-21,7,F022,HIV_CPT,HIV,1.1,24.75,0.11,Low
2026-02-21,14,F022,HIV_CPT,HIV,1.1,49.5,0.11,Low
2026-02-21,7,F022,HIV_TLD,HIV,1.1,24.2,0.11,Low
2026-02-21,14,F022,HIV_TLD,HIV,1.1,48.4,0.11,Low
2026-02-21,7,F022,MAL_ACT_AD,Malaria,1.1,44.0,0.11,Low
2026-02-21,14,F022,MAL_ACT_AD,Malaria,1.1,88.0,0.11,Low
2026-02-21,7,F022,MAL_ACT_PD,Malaria,1.1,37.68,0.11,Low
2026-02-21,14,F022,MAL_ACT_PD,Malaria,1.1,75.35,0.11,Low
2026-02-21,7,F022,MAL_RDT,Malaria,1.1,44.28,0.11,Low
2026-02-21,14,F022,MAL_RDT,Malaria,1.1,88.55,0.11,Low
2026-02-21,7,F023,C19_AG,COVID,1.1,20.08,0.11,Low
2026-02-21,14,F023,C19_AG,COVID,1.1,40.15,0.11,Low
2026-02-21,7,F023,C19_O2,COVID,1.1,17.88,0.11,Low
2026-02-21,14,F023,C19_O2,COVID,1.1,35.75,0.11,Low
2026-02-21,7,F023,C19_PPE,COVID,1.1,16.23,0.11,Low
2026-02-21,14,F023,C19_PPE,COVID,1.1,32.45,0.11,Low
2026-02-21,7,F023,GEN_ORZ,General,1.0,28.25,0.9,High
2026-02-21,14,F023,GEN_ORZ,General,1.0,56.5,0.9,High
2026-02-21,7,F023,GEN_PARA,General,1.0,27.75,0.1,Low
2026-02-21,14,F023,GEN_PARA,General,1.0,55.5,0.1,Low
2026-02-21,7,F023,HIV_CPT,HIV,1.3,25.68,0.13,Low
2026-02-21,14,F023,HIV_CPT,HIV,1.3,51.35,0.13,Low
2026-02-21,7,F023,HIV_TLD,HIV,1.3,29.25,0.13,Low
2026-02-21,14,F023,HIV_TLD,HIV,1.3,58.5,0.13,Low
2026-02-21,7,F023,MAL_ACT_AD,Malaria,0.9,29.48,0.09,Low
2026-02-21,14,F023,MAL_ACT_AD,Malaria,0.9,58.95,0.09,Low
2026-02-21,7,F023,MAL_ACT_PD,Malaria,0.9,22.28,0.09,Low
2026-02-21,14,F023,MAL_ACT_PD,Malaria,0.9,44.55,0.09,Low
2026-02-21,7,F023,MAL_RDT,Malaria,0.9,27.9,0.09,Low
2026-02-21,14,F023,MAL_RDT,Malaria,0.9,55.8,0.09,Low
2026-02-21,7,F024,C19_AG,COVID,1.3,17.55,0.13,Low
2026-02-21,14,F024,C19_AG,COVID,1.3,35.1,0.13,Low
2026-02-21,7,F024,C19_O2,COVID,1.3,18.2,0.13,Low
2026-02-21,14,F024,C19_O2,COVID,1.3,36.4,0.13,Low
2026-02-21,7,F024,C19_PPE,COVID,1.3,17.23,0.13,Low
2026-02-21,14,F024,C19_PPE,COVID,1.3,34.45,0.13,Low
2026-02-21,7,F024,GEN_ORZ,General,1.0,14.5,0.1,Low
2026-02-21,14,F024,GEN_ORZ,General,1.0,29.0,0.1,Low
2026-02-21,7,F024,GEN_PARA,General,1.0,17.75,0.1,Low
2026-02-21,14,F024,GEN_PARA,General,1.0,35.5,0.1,Low
2026-02-21,7,F024,HIV_CPT,HIV,1.1,15.68,0.11,Low
2026-02-21,14,F024,HIV_CPT,HIV,1.1,31.35,0.11,Low
2026-02-21,7,F024,HIV_TLD,HIV,1.1,18.7,0.11,Low
2026-02-21,14,F024,HIV_TLD,HIV,1.1,37.4,0.11,Low
2026-02-21,7,F024,MAL_ACT_AD,Malaria,1.3,65.33,0.13,Low
2026-02-21,14,F024,MAL_ACT_AD,Malaria,1.3,130.65,0.13,Low
2026-02-21,7,F024,MAL_ACT_PD,Malaria,1.3,59.15,0.13,Low
2026-02-21,14,F024,MAL_ACT_PD,Malaria,1.3,118.3,0.13,Low
2026-02-21,7,F024,MAL_RDT,Malaria,1.3,60.45,0.13,Low
2026-02-21,14,F024,MAL_RDT,Malaria,1.3,120.9,0.13,Low
2026-02-21,7,F025,C19_AG,COVID,1.1,22.0,0.11,Low
2026-02-21,14,F025,C19_AG,COVID,1.1,44.0,0.11,Low
2026-02-21,7,F025,C19_O2,COVID,1.1,26.95,0.11,Low
2026-02-21,14,F025,C19_O2,COVID,1.1,53.9,0.11,Low
2026-02-21,7,F025,C19_PPE,COVID,1.1,21.45,0.11,Low
2026-02-21,14,F025,C19_PPE,COVID,1.1,42.9,0.11,Low
2026-02-21,7,F025,GEN_ORZ,General,1.0,36.25,0.1,Low
2026-02-21,14,F025,GEN_ORZ,General,1.0,72.5,0.1,Low
2026-02-21,7,F025,GEN_PARA,General,1.0,36.25,0.1,Low
2026-02-21,14,F025,GEN_PARA,General,1.0,72.5,0.1,Low
2026-02-21,7,F025,HIV_CPT,HIV,1.3,36.08,0.13,Low
2026-02-21,14,F025,HIV_CPT,HIV,1.3,72.15,0.13,Low
2026-02-21,7,F025,HIV_TLD,HIV,1.3,36.08,0.13,Low
2026-02-21,14,F025,HIV_TLD,HIV,1.3,72.15,0.13,Low
2026-02-21,7,F025,MAL_ACT_AD,Malaria,0.9,45.23,0.09,Low
2026-02-21,14,F025,MAL_ACT_AD,Malaria,0.9,90.45,0.09,Low
2026-02-21,7,F025,MAL_ACT_PD,Malaria,0.9,40.73,0.09,Low
2026-02-21,14,F025,MAL_ACT_PD,Malaria,0.9,81.45,0.09,Low
2026-02-21,7,F025,MAL_RDT,Malaria,0.9,38.7,0.09,Low
2026-02-21,14,F025,MAL_RDT,Malaria,0.9,77.4,0.09,Low
2026-02-21,7,F026,C19_AG,COVID,1.1,22.55,0.11,Low
2026-02-21,14,F026,C19_AG,COVID,1.1,45.1,0.11,Low
2026-02-21,7,F026,C19_O2,COVID,1.1,19.25,0.11,Low
2026-02-21,14,F026,C19_O2,COVID,1.1,38.5,0.11,Low
2026-02-21,7,F026,C19_PPE,COVID,1.1,20.62,0.11,Low
2026-02-21,14,F026,C19_PPE,COVID,1.1,41.25,0.11,Low
2026-02-21,7,F026,GEN_ORZ,General,1.0,29.5,0.1,Low
2026-02-21,14,F026,GEN_ORZ,General,1.0,59.0,0.1,Low
2026-02-21,7,F026,GEN_PARA,General,1.0,23.0,0.1,Low
2026-02-21,14,F026,GEN_PARA,General,1.0,46.0,0.1,Low
2026-02-21,7,F026,HIV_CPT,HIV,1.3,29.25,0.13,Low
2026-02-21,14,F026,HIV_CPT,HIV,1.3,58.5,0.13,Low
2026-02-21,7,F026,HIV_TLD,HIV,1.3,26.32,0.13,Low
2026-02-21,14,F026,HIV_TLD,HIV,1.3,52.65,0.13,Low
2026-02-21,7,F026,MAL_ACT_AD,Malaria,0.9,26.78,0.09,Low
2026-02-21,14,F026,MAL_ACT_AD,Malaria,0.9,53.55,0.09,Low
2026-02-21,7,F026,MAL_ACT_PD,Malaria,0.9,25.2,0.09,Low
2026-02-21,14,F026,MAL_ACT_PD,Malaria,0.9,50.4,0.09,Low
2026-02-21,7,F026,MAL_RDT,Malaria,0.9,30.6,0.09,Low
2026-02-21,14,F026,MAL_RDT,Malaria,0.9,61.2,0.09,Low
2026-02-21,7,F027,C19_AG,COVID,1.1,21.73,0.11,Low
2026-02-21,14,F027,C19_AG,COVID,1.1,43.45,0.11,Low
2026-02-21,7,F027,C19_O2,COVID,1.1,18.7,0.11,Low
2026-02-21,14,F027,C19_O2,COVID,1.1,37.4,0.11,Low
2026-02-21,7,F027,C19_PPE,COVID,1.1,20.08,0.11,Low
2026-02-21,14,F027,C19_PPE,COVID,1.1,40.15,0.11,Low
2026-02-21,7,F027,GEN_ORZ,General,1.0,27.5,0.1,Low
2026-02-21,14,F027,GEN_ORZ,General,1.0,55.0,0.1,Low
2026-02-21,7,F027,GEN_PARA,General,1.0,23.5,0.1,Low
2026-02-21,14,F027,GEN_PARA,General,1.0,47.0,0.1,Low
2026-02-21,7,F027,HIV_CPT,HIV,1.3,29.57,0.13,Low
2026-02-21,14,F027,HIV_CPT,HIV,1.3,59.15,0.13,Low
2026-02-21,7,F027,HIV_TLD,HIV,1.3,26.98,0.13,Low
2026-02-21,14,F027,HIV_TLD,HIV,1.3,53.95,0.13,Low
2026-02-21,7,F027,MAL_ACT_AD,Malaria,0.9,25.2,0.09,Low
2026-02-21,14,F027,MAL_ACT_AD,Malaria,0.9,50.4,0.09,Low
2026-02-21,7,F027,MAL_ACT_PD,Malaria,0.9,26.1,0.09,Low
2026-02-21,14,F027,MAL_ACT_PD,Malaria,0.9,52.2,0.09,Low
2026-02-21,7,F027,MAL_RDT,Malaria,0.9,27.68,0.09,Low
2026-02-21,14,F027,MAL_RDT,Malaria,0.9,55.35,0.09,Low
2026-02-21,7,F028,C19_AG,COVID,0.9,14.4,0.09,Low
2026-02-21,14,F028,C19_AG,COVID,0.9,28.8,0.09,Low
2026-02-21,7,F028,C19_O2,COVID,0.9,16.88,0.09,Low
2026-02-21,14,F028,C19_O2,COVID,0.9,33.75,0.09,Low
2026-02-21,7,F028,C19_PPE,COVID,0.9,14.62,0.09,Low
2026-02-21,14,F028,C19_PPE,COVID,0.9,29.25,0.09,Low
2026-02-21,7,F028,GEN_ORZ,General,1.0,23.75,0.1,Low
2026-02-21,14,F028,GEN_ORZ,General,1.0,47.5,0.1,Low
2026-02-21,7,F028,GEN_PARA,General,1.0,23.25,0.1,Low
2026-02-21,14,F028,GEN_PARA,General,1.0,46.5,0.1,Low
2026-02-21,7,F028,HIV_CPT,HIV,1.1,17.88,0.11,Low
2026-02-21,14,F028,HIV_CPT,HIV,1.1,35.75,0.11,Low
2026-02-21,7,F028,HIV_TLD,HIV,1.1,20.35,0.11,Low
2026-02-21,14,F028,HIV_TLD,HIV,1.1,40.7,0.11,Low
2026-02-21,7,F028,MAL_ACT_AD,Malaria,1.3,77.02,0.13,Low
2026-02-21,14,F028,MAL_ACT_AD,Malaria,1.3,154.05,0.13,Low
2026-02-21,7,F028,MAL_ACT_PD,Malaria,1.3,76.38,0.13,Low
2026-02-21,14,F028,MAL_ACT_PD,Malaria,1.3,152.75,0.13,Low
2026-02-21,7,F028,MAL_RDT,Malaria,1.3,84.5,0.13,Low
2026-02-21,14,F028,MAL_RDT,Malaria,1.3,169.0,0.13,Low
2026-02-21,7,F029,C19_AG,COVID,1.1,9.08,0.11,Low
2026-02-21,14,F029,C19_AG,COVID,1.1,18.15,0.11,Low
2026-02-21,7,F029,C19_O2,COVID,1.1,12.65,0.11,Low
2026-02-21,14,F029,C19_O2,COVID,1.1,25.3,0.11,Low
2026-02-21,7,F029,C19_PPE,COVID,1.1,8.8,0.11,Low
2026-02-21,14,F029,C19_PPE,COVID,1.1,17.6,0.11,Low
2026-02-21,7,F029,GEN_ORZ,General,1.0,18.5,0.1,Low
2026-02-21,14,F029,GEN_ORZ,General,1.0,37.0,0.1,Low
2026-02-21,7,F029,GEN_PARA,General,1.0,20.25,0.1,Low
2026-02-21,14,F029,GEN_PARA,General,1.0,40.5,0.1,Low
2026-02-21,7,F029,HIV_CPT,HIV,0.9,10.12,0.09,Low
2026-02-21,14,F029,HIV_CPT,HIV,0.9,20.25,0.09,Low
2026-02-21,7,F029,HIV_TLD,HIV,0.9,10.35,0.09,Low
2026-02-21,14,F029,HIV_TLD,HIV,0.9,20.7,0.09,Low
2026-02-21,7,F029,MAL_ACT_AD,Malaria,1.1,25.85,0.11,Low
2026-02-21,14,F029,MAL_ACT_AD,Malaria,1.1,51.7,0.11,Low
2026-02-21,7,F029,MAL_ACT_PD,Malaria,1.1,30.25,0.11,Low
2026-02-21,14,F029,MAL_ACT_PD,Malaria,1.1,60.5,0.11,Low
2026-02-21,7,F029,MAL_RDT,Malaria,1.1,24.75,0.11,Low
2026-02-21,14,F029,MAL_RDT,Malaria,1.1,49.5,0.11,Low
2026-02-21,7,F030,C19_AG,COVID,0.9,10.8,0.09,Low
2026-02-21,14,F030,C19_AG,COVID,0.9,21.6,0.09,Low
2026-02-21,7,F030,C19_O2,COVID,0.9,13.5,0.09,Low
2026-02-21,14,F030,C19_O2,COVID,0.9,27.0,0.09,Low
2026-02-21,7,F030,C19_PPE,COVID,0.9,12.38,0.09,Low
2026-02-21,14,F030,C19_PPE,COVID,0.9,24.75,0.09,Low
2026-02-21,7,F030,GEN_ORZ,General,1.0,25.75,0.1,Low
2026-02-21,14,F030,GEN_ORZ,General,1.0,51.5,0.1,Low
2026-02-21,7,F030,GEN_PARA,General,1.0,23.25,0.1,Low
2026-02-21,14,F030,GEN_PARA,General,1.0,46.5,0.1,Low
2026-02-21,7,F030,HIV_CPT,HIV,1.1,20.9,0.11,Low
2026-02-21,14,F030,HIV_CPT,HIV,1.1,41.8,0.11,Low
2026-02-21,7,F030,HIV_TLD,HIV,1.1,18.7,0.11,Low
2026-02-21,14,F030,HIV_TLD,HIV,1.1,37.4,0.11,Low
2026-02-21,7,F030,MAL_ACT_AD,Malaria,1.3,83.53,0.91,High
2026-02-21,14,F030,MAL_ACT_AD,Malaria,1.3,167.05,0.91,High
2026-02-21,7,F030,MAL_ACT_PD,Malaria,1.3,86.12,0.13,Low
2026-02-21,14,F030,MAL_ACT_PD,Malaria,1.3,172.25,0.13,Low
2026-02-21,7,F030,MAL_RDT,Malaria,1.3,86.78,0.13,Low
2026-02-21,14,F030,MAL_RDT,Malaria,1.3,173.55,0.13,Low
2026-02-21,7,F031,C19_AG,COVID,0.9,10.8,0.09,Low
2026-02-21,14,F031,C19_AG,COVID,0.9,21.6,0.09,Low
2026-02-21,7,F031,C19_O2,COVID,0.9,13.72,0.09,Low
2026-02-21,14,F031,C19_O2,COVID,0.9,27.45,0.09,Low
2026-02-21,7,F031,C19_PPE,COVID,0.9,10.8,0.09,Low
2026-02-21,14,F031,C19_PPE,COVID,0.9,21.6,0.09,Low
2026-02-21,7,F031,GEN_ORZ,General,1.0,15.0,0.1,Low
2026-02-21,14,F031,GEN_ORZ,General,1.0,30.0,0.1,Low
2026-02-21,7,F031,GEN_PARA,General,1.0,18.75,0.1,Low
2026-02-21,14,F031,GEN_PARA,General,1.0,37.5,0.1,Low
2026-02-21,7,F031,HIV_CPT,HIV,1.1,12.65,0.11,Low
2026-02-21,14,F031,HIV_CPT,HIV,1.1,25.3,0.11,Low
2026-02-21,7,F031,HIV_TLD,HIV,1.1,12.65,0.11,Low
2026-02-21,14,F031,HIV_TLD,HIV,1.1,25.3,0.11,Low
2026-02-21,7,F031,MAL_ACT_AD,Malaria,1.3,61.1,0.13,Low
2026-02-21,14,F031,MAL_ACT_AD,Malaria,1.3,122.2,0.13,Low
2026-02-21,7,F031,MAL_ACT_PD,Malaria,1.3,67.92,0.13,Low
2026-02-21,14,F031,MAL_ACT_PD,Malaria,1.3,135.85,0.13,Low
2026-02-21,7,F031,MAL_RDT,Malaria,1.3,69.55,0.13,Low
2026-02-21,14,F031,MAL_RDT,Malaria,1.3,139.1,0.13,Low
2026-02-21,7,F032,C19_AG,COVID,1.1,15.68,0.11,Low
2026-02-21,14,F032,C19_AG,COVID,1.1,31.35,0.11,Low
2026-02-21,7,F032,C19_O2,COVID,1.1,15.13,0.11,Low
2026-02-21,14,F032,C19_O2,COVID,1.1,30.25,0.11,Low
2026-02-21,7,F032,C19_PPE,COVID,1.1,15.13,0.11,Low
2026-02-21,14,F032,C19_PPE,COVID,1.1,30.25,0.11,Low
2026-02-21,7,F032,GEN_ORZ,General,1.0,18.75,0.1,Low
2026-02-21,14,F032,GEN_ORZ,General,1.0,37.5,0.1,Low
2026-02-21,7,F032,GEN_PARA,General,1.0,24.25,0.1,Low
2026-02-21,14,F032,GEN_PARA,General,1.0,48.5,0.1,Low
2026-02-21,7,F032,HIV_CPT,HIV,1.1,27.78,0.11,Low
2026-02-21,14,F032,HIV_CPT,HIV,1.1,55.55,0.11,Low
2026-02-21,7,F032,HIV_TLD,HIV,1.1,21.73,0.11,Low
2026-02-21,14,F032,HIV_TLD,HIV,1.1,43.45,0.11,Low
2026-02-21,7,F032,MAL_ACT_AD,Malaria,0.9,39.38,0.09,Low
2026-02-21,14,F032,MAL_ACT_AD,Malaria,0.9,78.75,0.09,Low
2026-02-21,7,F032,MAL_ACT_PD,Malaria,0.9,38.02,0.09,Low
2026-02-21,14,F032,MAL_ACT_PD,Malaria,0.9,76.05,0.09,Low
2026-02-21,7,F032,MAL_RDT,Malaria,0.9,34.2,0.09,Low
2026-02-21,14,F032,MAL_RDT,Malaria,0.9,68.4,0.09,Low
2026-02-21,7,F033,C19_AG,COVID,1.1,18.15,0.11,Low
2026-02-21,14,F033,C19_AG,COVID,1.1,36.3,0.11,Low
2026-02-21,7,F033,C19_O2,COVID,1.1,15.4,0.11,Low
2026-02-21,14,F033,C19_O2,COVID,1.1,30.8,0.11,Low
2026-02-21,7,F033,C19_PPE,COVID,1.1,18.98,0.11,Low
2026-02-21,14,F033,C19_PPE,COVID,1.1,37.95,0.11,Low
2026-02-21,7,F033,GEN_ORZ,General,1.0,20.5,0.1,Low
2026-02-21,14,F033,GEN_ORZ,General,1.0,41.0,0.1,Low
2026-02-21,7,F033,GEN_PARA,General,1.0,20.5,0.1,Low
2026-02-21,14,F033,GEN_PARA,General,1.0,41.0,0.1,Low
2026-02-21,7,F033,HIV_CPT,HIV,1.1,22.28,0.11,Low
2026-02-21,14,F033,HIV_CPT,HIV,1.1,44.55,0.11,Low
2026-02-21,7,F033,HIV_TLD,HIV,1.1,22.55,0.11,Low
2026-02-21,14,F033,HIV_TLD,HIV,1.1,45.1,0.11,Low
2026-02-21,7,F033,MAL_ACT_AD,Malaria,1.1,40.7,0.11,Low
2026-02-21,14,F033,MAL_ACT_AD,Malaria,1.1,81.4,0.11,Low
2026-02-21,7,F033,MAL_ACT_PD,Malaria,1.1,51.43,0.44,Medium
2026-02-21,14,F033,MAL_ACT_PD,Malaria,1.1,102.85,0.44,Medium
2026-02-21,7,F033,MAL_RDT,Malaria,1.1,46.2,0.11,Low
2026-02-21,14,F033,MAL_RDT,Malaria,1.1,92.4,0.11,Low
2026-02-21,7,F034,C19_AG,COVID,1.1,27.23,0.11,Low
2026-02-21,14,F034,C19_AG,COVID,1.1,54.45,0.11,Low
2026-02-21,7,F034,C19_O2,COVID,1.1,19.53,0.11,Low
2026-02-21,14,F034,C19_O2,COVID,1.1,39.05,0.11,Low
2026-02-21,7,F034,C19_PPE,COVID,1.1,18.7,0.11,Low
2026-02-21,14,F034,C19_PPE,COVID,1.1,37.4,0.11,Low
2026-02-21,7,F034,GEN_ORZ,General,1.0,36.0,0.1,Low
2026-02-21,14,F034,GEN_ORZ,General,1.0,72.0,0.1,Low
2026-02-21,7,F034,GEN_PARA,General,1.0,32.75,0.1,Low
2026-02-21,14,F034,GEN_PARA,General,1.0,65.5,0.1,Low
2026-02-21,7,F034,HIV_CPT,HIV,1.1,31.08,0.11,Low
2026-02-21,14,F034,HIV_CPT,HIV,1.1,62.15,0.11,Low
2026-02-21,7,F034,HIV_TLD,HIV,1.1,34.65,0.11,Low
2026-02-21,14,F034,HIV_TLD,HIV,1.1,69.3,0.11,Low
2026-02-21,7,F034,MAL_ACT_AD,Malaria,1.1,62.15,0.11,Low
2026-02-21,14,F034,MAL_ACT_AD,Malaria,1.1,124.3,0.11,Low
2026-02-21,7,F034,MAL_ACT_PD,Malaria,1.1,64.9,0.11,Low
2026-02-21,14,F034,MAL_ACT_PD,Malaria,1.1,129.8,0.11,Low
2026-02-21,7,F034,MAL_RDT,Malaria,1.1,70.68,0.11,Low
2026-02-21,14,F034,MAL_RDT,Malaria,1.1,141.35,0.11,Low
2026-02-21,7,F035,C19_AG,COVID,1.1,12.1,0.11,Low
2026-02-21,14,F035,C19_AG,COVID,1.1,24.2,0.11,Low
2026-02-21,7,F035,C19_O2,COVID,1.1,14.03,0.11,Low
2026-02-21,14,F035,C19_O2,COVID,1.1,28.05,0.11,Low
2026-02-21,7,F035,C19_PPE,COVID,1.1,13.75,0.11,Low
2026-02-21,14,F035,C19_PPE,COVID,1.1,27.5,0.11,Low
2026-02-21,7,F035,GEN_ORZ,General,1.0,23.5,0.1,Low
2026-02-21,14,F035,GEN_ORZ,General,1.0,47.0,0.1,Low
2026-02-21,7,F035,GEN_PARA,General,1.0,23.25,0.1,Low
2026-02-21,14,F035,GEN_PARA,General,1.0,46.5,0.1,Low
2026-02-21,7,F035,HIV_CPT,HIV,0.9,16.88,0.09,Low
2026-02-21,14,F035,HIV_CPT,HIV,0.9,33.75,0.09,Low
2026-02-21,7,F035,HIV_TLD,HIV,0.9,12.6,0.09,Low
2026-02-21,14,F035,HIV_TLD,HIV,0.9,25.2,0.09,Low
2026-02-21,7,F035,MAL_ACT_AD,Malaria,1.1,35.48,0.11,Low
2026-02-21,14,F035,MAL_ACT_AD,Malaria,1.1,70.95,0.11,Low
2026-02-21,7,F035,MAL_ACT_PD,Malaria,1.1,36.85,0.11,Low
2026-02-21,14,F035,MAL_ACT_PD,Malaria,1.1,73.7,0.11,Low
2026-02-21,7,F035,MAL_RDT,Malaria,1.1,25.85,0.11,Low
2026-02-21,14,F035,MAL_RDT,Malaria,1.1,51.7,0.11,Low
2026-02-21,7,F036,C19_AG,COVID,0.9,14.18,0.09,Low
2026-02-21,14,F036,C19_AG,COVID,0.9,28.35,0.09,Low
2026-02-21,7,F036,C19_O2,COVID,0.9,15.53,0.09,Low
2026-02-21,14,F036,C19_O2,COVID,0.9,31.05,0.09,Low
2026-02-21,7,F036,C19_PPE,COVID,0.9,12.38,0.09,Low
2026-02-21,14,F036,C19_PPE,COVID,0.9,24.75,0.09,Low
2026-02-21,7,F036,GEN_ORZ,General,1.0,25.0,0.1,Low
2026-02-21,14,F036,GEN_ORZ,General,1.0,50.0,0.1,Low
2026-02-21,7,F036,GEN_PARA,General,1.0,27.5,0.1,Low
2026-02-21,14,F036,GEN_PARA,General,1.0,55.0,0.1,Low
2026-02-21,7,F036,HIV_CPT,HIV,1.1,19.25,0.11,Low
2026-02-21,14,F036,HIV_CPT,HIV,1.1,38.5,0.11,Low
2026-02-21,7,F036,HIV_TLD,HIV,1.1,19.25,0.11,Low
2026-02-21,14,F036,HIV_TLD,HIV,1.1,38.5,0.11,Low
2026-02-21,7,F036,MAL_ACT_AD,Malaria,1.3,91.0,0.52,Medium
2026-02-21,14,F036,MAL_ACT_AD,Malaria,1.3,182.0,0.52,Medium
2026-02-21,7,F036,MAL_ACT_PD,Malaria,1.3,79.62,0.13,Low
2026-02-21,14,F036,MAL_ACT_PD,Malaria,1.3,159.25,0.13,Low
2026-02-21,7,F036,MAL_RDT,Malaria,1.3,82.23,0.13,Low
2026-02-21,14,F036,MAL_RDT,Malaria,1.3,164.45,0.13,Low
2026-02-21,7,F037,C19_AG,COVID,1.1,13.2,0.11,Low
2026-02-21,14,F037,C19_AG,COVID,1.1,26.4,0.11,Low
2026-02-21,7,F037,C19_O2,COVID,1.1,12.93,0.11,Low
2026-02-21,14,F037,C19_O2,COVID,1.1,25.85,0.11,Low
2026-02-21,7,F037,C19_PPE,COVID,1.1,10.73,0.11,Low
2026-02-21,14,F037,C19_PPE,COVID,1.1,21.45,0.11,Low
2026-02-21,7,F037,GEN_ORZ,General,1.0,23.75,0.1,Low
2026-02-21,14,F037,GEN_ORZ,General,1.0,47.5,0.1,Low
2026-02-21,7,F037,GEN_PARA,General,1.0,25.75,0.1,Low
2026-02-21,14,F037,GEN_PARA,General,1.0,51.5,0.1,Low
2026-02-21,7,F037,HIV_CPT,HIV,1.1,18.43,0.11,Low
2026-02-21,14,F037,HIV_CPT,HIV,1.1,36.85,0.11,Low
2026-02-21,7,F037,HIV_TLD,HIV,1.1,19.53,0.11,Low
2026-02-21,14,F037,HIV_TLD,HIV,1.1,39.05,0.11,Low
2026-02-21,7,F037,MAL_ACT_AD,Malaria,0.9,29.25,0.09,Low
2026-02-21,14,F037,MAL_ACT_AD,Malaria,0.9,58.5,0.09,Low
2026-02-21,7,F037,MAL_ACT_PD,Malaria,0.9,26.1,0.09,Low
2026-02-21,14,F037,MAL_ACT_PD,Malaria,0.9,52.2,0.09,Low
2026-02-21,7,F037,MAL_RDT,Malaria,0.9,28.12,0.09,Low
2026-02-21,14,F037,MAL_RDT,Malaria,0.9,56.25,0.09,Low
2026-02-21,7,F038,C19_AG,COVID,1.1,14.03,0.11,Low
2026-02-21,14,F038,C19_AG,COVID,1.1,28.05,0.11,Low
2026-02-21,7,F038,C19_O2,COVID,1.1,10.45,0.11,Low
2026-02-21,14,F038,C19_O2,COVID,1.1,20.9,0.11,Low
2026-02-21,7,F038,C19_PPE,COVID,1.1,13.2,0.11,Low
2026-02-21,14,F038,C19_PPE,COVID,1.1,26.4,0.11,Low
2026-02-21,7,F038,GEN_ORZ,General,1.0,27.0,0.1,Low
2026-02-21,14,F038,GEN_ORZ,General,1.0,54.0,0.1,Low
2026-02-21,7,F038,GEN_PARA,General,1.0,24.0,0.1,Low
2026-02-21,14,F038,GEN_PARA,General,1.0,48.0,0.1,Low
2026-02-21,7,F038,HIV_CPT,HIV,1.1,21.45,0.11,Low
2026-02-21,14,F038,HIV_CPT,HIV,1.1,42.9,0.11,Low
2026-02-21,7,F038,HIV_TLD,HIV,1.1,20.35,0.11,Low
2026-02-21,14,F038,HIV_TLD,HIV,1.1,40.7,0.11,Low
2026-02-21,7,F038,MAL_ACT_AD,Malaria,0.9,26.78,0.09,Low
2026-02-21,14,F038,MAL_ACT_AD,Malaria,0.9,53.55,0.09,Low
2026-02-21,7,F038,MAL_ACT_PD,Malaria,0.9,28.12,0.09,Low
2026-02-21,14,F038,MAL_ACT_PD,Malaria,0.9,56.25,0.09,Low
2026-02-21,7,F038,MAL_RDT,Malaria,0.9,24.53,0.09,Low
2026-02-21,14,F038,MAL_RDT,Malaria,0.9,49.05,0.09,Low
2026-02-21,7,F039,C19_AG,COVID,1.3,19.82,0.13,Low
2026-02-21,14,F039,C19_AG,COVID,1.3,39.65,0.13,Low
2026-02-21,7,F039,C19_O2,COVID,1.3,21.45,0.13,Low
2026-02-21,14,F039,C19_O2,COVID,1.3,42.9,0.13,Low
2026-02-21,7,F039,C19_PPE,COVID,1.3,27.62,0.13,Low
2026-02-21,14,F039,C19_PPE,COVID,1.3,55.25,0.13,Low
2026-02-21,7,F039,GEN_ORZ,General,1.0,25.25,0.1,Low
2026-02-21,14,F039,GEN_ORZ,General,1.0,50.5,0.1,Low
2026-02-21,7,F039,GEN_PARA,General,1.0,25.0,0.1,Low
2026-02-21,14,F039,GEN_PARA,General,1.0,50.0,0.1,Low
2026-02-21,7,F039,HIV_CPT,HIV,1.1,26.95,0.11,Low
2026-02-21,14,F039,HIV_CPT,HIV,1.1,53.9,0.11,Low
2026-02-21,7,F039,HIV_TLD,HIV,1.1,22.55,0.11,Low
2026-02-21,14,F039,HIV_TLD,HIV,1.1,45.1,0.11,Low
2026-02-21,7,F039,MAL_ACT_AD,Malaria,1.3,81.25,1.0,High
2026-02-21,14,F039,MAL_ACT_AD,Malaria,1.3,162.5,1.0,High
2026-02-21,7,F039,MAL_ACT_PD,Malaria,1.3,78.0,0.13,Low
2026-02-21,14,F039,MAL_ACT_PD,Malaria,1.3,156.0,0.13,Low
2026-02-21,7,F039,MAL_RDT,Malaria,1.3,86.12,0.52,Medium
2026-02-21,14,F039,MAL_RDT,Malaria,1.3,172.25,0.52,Medium
2026-02-21,7,F040,C19_AG,COVID,1.1,15.4,0.11,Low
2026-02-21,14,F040,C19_AG,COVID,1.1,30.8,0.11,Low
2026-02-21,7,F040,C19_O2,COVID,1.1,17.6,0.11,Low
2026-02-21,14,F040,C19_O2,COVID,1.1,35.2,0.11,Low
2026-02-21,7,F040,C19_PPE,COVID,1.1,19.8,0.11,Low
2026-02-21,14,F040,C19_PPE,COVID,1.1,39.6,0.11,Low
2026-02-21,7,F040,GEN_ORZ,General,1.0,20.75,0.1,Low
2026-02-21,14,F040,GEN_ORZ,General,1.0,41.5,0.1,Low
2026-02-21,7,F040,GEN_PARA,General,1.0,21.75,0.1,Low
2026-02-21,14,F040,GEN_PARA,General,1.0,43.5,0.1,Low
2026-02-21,7,F040,HIV_CPT,HIV,1.3,26.65,0.13,Low
2026-02-21,14,F040,HIV_CPT,HIV,1.3,53.3,0.13,Low
2026-02-21,7,F040,HIV_TLD,HIV,1.3,31.2,0.13,Low
2026-02-21,14,F040,HIV_TLD,HIV,1.3,62.4,0.13,Low
2026-02-21,7,F040,MAL_ACT_AD,Malaria,0.9,24.98,0.09,Low
2026-02-21,14,F040,MAL_ACT_AD,Malaria,0.9,49.95,0.09,Low
2026-02-21,7,F040,MAL_ACT_PD,Malaria,0.9,30.38,0.09,Low
2026-02-21,14,F040,MAL_ACT_PD,Malaria,0.9,60.75,0.09,Low
2026-02-21,7,F040,MAL_RDT,Malaria,0.9,26.78,0.09,Low
2026-02-21,14,F040,MAL_RDT,Malaria,0.9,53.55,0.09,Low
2026-02-21,7,F041,C19_AG,COVID,1.1,17.05,0.11,Low
2026-02-21,14,F041,C19_AG,COVID,1.1,34.1,0.11,Low
2026-02-21,7,F041,C19_O2,COVID,1.1,17.88,0.11,Low
2026-02-21,14,F041,C19_O2,COVID,1.1,35.75,0.11,Low
2026-02-21,7,F041,C19_PPE,COVID,1.1,17.33,0.11,Low
2026-02-21,14,F041,C19_PPE,COVID,1.1,34.65,0.11,Low
2026-02-21,7,F041,GEN_ORZ,General,1.0,24.5,0.1,Low
2026-02-21,14,F041,GEN_ORZ,General,1.0,49.0,0.1,Low
2026-02-21,7,F041,GEN_PARA,General,1.0,25.75,0.1,Low
2026-02-21,14,F041,GEN_PARA,General,1.0,51.5,0.1,Low
2026-02-21,7,F041,HIV_CPT,HIV,1.1,25.58,0.11,Low
2026-02-21,14,F041,HIV_CPT,HIV,1.1,51.15,0.11,Low
2026-02-21,7,F041,HIV_TLD,HIV,1.1,25.03,0.11,Low
2026-02-21,14,F041,HIV_TLD,HIV,1.1,50.05,0.11,Low
2026-02-21,7,F041,MAL_ACT_AD,Malaria,1.1,47.03,0.11,Low
2026-02-21,14,F041,MAL_ACT_AD,Malaria,1.1,94.05,0.11,Low
2026-02-21,7,F041,MAL_ACT_PD,Malaria,1.1,48.13,0.11,Low
2026-02-21,14,F041,MAL_ACT_PD,Malaria,1.1,96.25,0.11,Low
2026-02-21,7,F041,MAL_RDT,Malaria,1.1,44.55,0.11,Low
2026-02-21,14,F041,MAL_RDT,Malaria,1.1,89.1,0.11,Low
2026-02-21,7,F042,C19_AG,COVID,1.1,13.48,0.11,Low
2026-02-21,14,F042,C19_AG,COVID,1.1,26.95,0.11,Low
2026-02-21,7,F042,C19_O2,COVID,1.1,15.4,0.11,Low
2026-02-21,14,F042,C19_O2,COVID,1.1,30.8,0.11,Low
2026-02-21,7,F042,C19_PPE,COVID,1.1,14.58,0.11,Low
2026-02-21,14,F042,C19_PPE,COVID,1.1,29.15,0.11,Low
2026-02-21,7,F042,GEN_ORZ,General,1.0,26.5,0.1,Low
2026-02-21,14,F042,GEN_ORZ,General,1.0,53.0,0.1,Low
2026-02-21,7,F042,GEN_PARA,General,1.0,24.0,0.1,Low
2026-02-21,14,F042,GEN_PARA,General,1.0,48.0,0.1,Low
2026-02-21,7,F042,HIV_CPT,HIV,0.9,15.97,0.09,Low
2026-02-21,14,F042,HIV_CPT,HIV,0.9,31.95,0.09,Low
2026-02-21,7,F042,HIV_TLD,HIV,0.9,14.85,0.09,Low
2026-02-21,14,F042,HIV_TLD,HIV,0.9,29.7,0.09,Low
2026-02-21,7,F042,MAL_ACT_AD,Malaria,1.1,35.48,0.11,Low
2026-02-21,14,F042,MAL_ACT_AD,Malaria,1.1,70.95,0.11,Low
2026-02-21,7,F042,MAL_ACT_PD,Malaria,1.1,29.98,0.11,Low
2026-02-21,14,F042,MAL_ACT_PD,Malaria,1.1,59.95,0.11,Low
2026-02-21,7,F042,MAL_RDT,Malaria,1.1,36.3,0.77,High
2026-02-21,14,F042,MAL_RDT,Malaria,1.1,72.6,0.77,High
2026-02-21,7,F043,C19_AG,COVID,1.1,22.0,0.11,Low
2026-02-21,14,F043,C19_AG,COVID,1.1,44.0,0.11,Low
2026-02-21,7,F043,C19_O2,COVID,1.1,20.9,0.11,Low
2026-02-21,14,F043,C19_O2,COVID,1.1,41.8,0.11,Low
2026-02-21,7,F043,C19_PPE,COVID,1.1,19.53,0.11,Low
2026-02-21,14,F043,C19_PPE,COVID,1.1,39.05,0.11,Low
2026-02-21,7,F043,GEN_ORZ,General,1.0,29.25,0.1,Low
2026-02-21,14,F043,GEN_ORZ,General,1.0,58.5,0.1,Low
2026-02-21,7,F043,GEN_PARA,General,1.0,25.75,0.1,Low
2026-02-21,14,F043,GEN_PARA,General,1.0,51.5,0.1,Low
2026-02-21,7,F043,HIV_CPT,HIV,1.1,24.48,0.11,Low
2026-02-21,14,F043,HIV_CPT,HIV,1.1,48.95,0.11,Low
2026-02-21,7,F043,HIV_TLD,HIV,1.1,24.75,0.11,Low
2026-02-21,14,F043,HIV_TLD,HIV,1.1,49.5,0.11,Low
2026-02-21,7,F043,MAL_ACT_AD,Malaria,1.1,42.08,0.11,Low
2026-02-21,14,F043,MAL_ACT_AD,Malaria,1.1,84.15,0.11,Low
2026-02-21,7,F043,MAL_ACT_PD,Malaria,1.1,40.43,0.11,Low
2026-02-21,14,F043,MAL_ACT_PD,Malaria,1.1,80.85,0.11,Low
2026-02-21,7,F043,MAL_RDT,Malaria,1.1,50.05,0.11,Low
2026-02-21,14,F043,MAL_RDT,Malaria,1.1,100.1,0.11,Low
2026-02-21,7,F044,C19_AG,COVID,1.1,18.43,0.11,Low
2026-02-21,14,F044,C19_AG,COVID,1.1,36.85,0.11,Low
2026-02-21,7,F044,C19_O2,COVID,1.1,17.33,0.11,Low
2026-02-21,14,F044,C19_O2,COVID,1.1,34.65,0.11,Low
2026-02-21,7,F044,C19_PPE,COVID,1.1,17.33,0.11,Low
2026-02-21,14,F044,C19_PPE,COVID,1.1,34.65,0.11,Low
2026-02-21,7,F044,GEN_ORZ,General,1.0,23.5,0.1,Low
2026-02-21,14,F044,GEN_ORZ,General,1.0,47.0,0.1,Low
2026-02-21,7,F044,GEN_PARA,General,1.0,24.75,0.1,Low
2026-02-21,14,F044,GEN_PARA,General,1.0,49.5,0.1,Low
2026-02-21,7,F044,HIV_CPT,HIV,1.1,22.0,0.11,Low
2026-02-21,14,F044,HIV_CPT,HIV,1.1,44.0,0.11,Low
2026-02-21,7,F044,HIV_TLD,HIV,1.1,22.83,0.11,Low
2026-02-21,14,F044,HIV_TLD,HIV,1.1,45.65,0.11,Low
2026-02-21,7,F044,MAL_ACT_AD,Malaria,0.9,38.7,0.09,Low
2026-02-21,14,F044,MAL_ACT_AD,Malaria,0.9,77.4,0.09,Low
2026-02-21,7,F044,MAL_ACT_PD,Malaria,0.9,37.8,0.09,Low
2026-02-21,14,F044,MAL_ACT_PD,Malaria,0.9,75.6,0.09,Low
2026-02-21,7,F044,MAL_RDT,Malaria,0.9,39.6,0.09,Low
2026-02-21,14,F044,MAL_RDT,Malaria,0.9,79.2,0.09,Low
2026-02-21,7,F045,C19_AG,COVID,1.1,12.65,0.11,Low
2026-02-21,14,F045,C19_AG,COVID,1.1,25.3,0.11,Low
2026-02-21,7,F045,C19_O2,COVID,1.1,13.75,0.11,Low
2026-02-21,14,F045,C19_O2,COVID,1.1,27.5,0.11,Low
2026-02-21,7,F045,C19_PPE,COVID,1.1,14.85,0.11,Low
2026-02-21,14,F045,C19_PPE,COVID,1.1,29.7,0.11,Low
2026-02-21,7,F045,GEN_ORZ,General,1.0,25.0,0.1,Low
2026-02-21,14,F045,GEN_ORZ,General,1.0,50.0,0.1,Low
2026-02-21,7,F045,GEN_PARA,General,1.0,24.5,0.1,Low
2026-02-21,14,F045,GEN_PARA,General,1.0,49.0,0.1,Low
2026-02-21,7,F045,HIV_CPT,HIV,0.9,17.78,0.09,Low
2026-02-21,14,F045,HIV_CPT,HIV,0.9,35.55,0.09,Low
2026-02-21,7,F045,HIV_TLD,HIV,0.9,15.53,0.09,Low
2026-02-21,14,F045,HIV_TLD,HIV,0.9,31.05,0.09,Low
2026-02-21,7,F045,MAL_ACT_AD,Malaria,1.1,33.0,0.11,Low
2026-02-21,14,F045,MAL_ACT_AD,Malaria,1.1,66.0,0.11,Low
2026-02-21,7,F045,MAL_ACT_PD,Malaria,1.1,39.05,0.11,Low
2026-02-21,14,F045,MAL_ACT_PD,Malaria,1.1,78.1,0.11,Low
2026-02-21,7,F045,MAL_RDT,Malaria,1.1,30.53,0.11,Low
2026-02-21,14,F045,MAL_RDT,Malaria,1.1,61.05,0.11,Low
2026-02-21,7,F046,C19_AG,COVID,1.1,12.93,0.11,Low
2026-02-21,14,F046,C19_AG,COVID,1.1,25.85,0.11,Low
2026-02-21,7,F046,C19_O2,COVID,1.1,14.03,0.11,Low
2026-02-21,14,F046,C19_O2,COVID,1.1,28.05,0.11,Low
2026-02-21,7,F046,C19_PPE,COVID,1.1,12.65,0.11,Low
2026-02-21,14,F046,C19_PPE,COVID,1.1,25.3,0.11,Low
2026-02-21,7,F046,GEN_ORZ,General,1.0,22.75,0.1,Low
2026-02-21,14,F046,GEN_ORZ,General,1.0,45.5,0.1,Low
2026-02-21,7,F046,GEN_PARA,General,1.0,23.5,0.1,Low
2026-02-21,14,F046,GEN_PARA,General,1.0,47.0,0.1,Low
2026-02-21,7,F046,HIV_CPT,HIV,0.9,16.2,0.09,Low
2026-02-21,14,F046,HIV_CPT,HIV,0.9,32.4,0.09,Low
2026-02-21,7,F046,HIV_TLD,HIV,0.9,15.75,0.09,Low
2026-02-21,14,F046,HIV_TLD,HIV,0.9,31.5,0.09,Low
2026-02-21,7,F046,MAL_ACT_AD,Malaria,1.1,31.9,0.11,Low
2026-02-21,14,F046,MAL_ACT_AD,Malaria,1.1,63.8,0.11,Low
2026-02-21,7,F046,MAL_ACT_PD,Malaria,1.1,36.3,0.11,Low
2026-02-21,14,F046,MAL_ACT_PD,Malaria,1.1,72.6,0.11,Low
2026-02-21,7,F046,MAL_RDT,Malaria,1.1,31.08,0.11,Low
2026-02-21,14,F046,MAL_RDT,Malaria,1.1,62.15,0.11,Low
2026-02-21,7,F047,C19_AG,COVID,1.3,30.55,0.13,Low
2026-02-21,14,F047,C19_AG,COVID,1.3,61.1,0.13,Low
2026-02-21,7,F047,C19_O2,COVID,1.3,39.0,0.13,Low
2026-02-21,14,F047,C19_O2,COVID,1.3,78.0,0.13,Low
2026-02-21,7,F047,C19_PPE,COVID,1.3,40.3,0.13,Low
2026-02-21,14,F047,C19_PPE,COVID,1.3,80.6,0.13,Low
2026-02-21,7,F047,GEN_ORZ,General,1.0,35.25,0.1,Low
2026-02-21,14,F047,GEN_ORZ,General,1.0,70.5,0.1,Low
2026-02-21,7,F047,GEN_PARA,General,1.0,32.5,0.1,Low
2026-02-21,14,F047,GEN_PARA,General,1.0,65.0,0.1,Low
2026-02-21,7,F047,HIV_CPT,HIV,1.1,33.55,0.11,Low
2026-02-21,14,F047,HIV_CPT,HIV,1.1,67.1,0.11,Low
2026-02-21,7,F047,HIV_TLD,HIV,1.1,38.78,0.11,Low
2026-02-21,14,F047,HIV_TLD,HIV,1.1,77.55,0.11,Low
2026-02-21,7,F047,MAL_ACT_AD,Malaria,1.3,130.33,0.13,Low
2026-02-21,14,F047,MAL_ACT_AD,Malaria,1.3,260.65,0.13,Low
2026-02-21,7,F047,MAL_ACT_PD,Malaria,1.3,120.58,0.13,Low
2026-02-21,14,F047,MAL_ACT_PD,Malaria,1.3,241.15,0.13,Low
2026-02-21,7,F047,MAL_RDT,Malaria,1.3,117.33,0.13,Low
2026-02-21,14,F047,MAL_RDT,Malaria,1.3,234.65,0.13,Low
2026-02-21,7,F048,C19_AG,COVID,1.1,19.8,0.11,Low
2026-02-21,14,F048,C19_AG,COVID,1.1,39.6,0.11,Low
2026-02-21,7,F048,C19_O2,COVID,1.1,19.53,0.11,Low
2026-02-21,14,F048,C19_O2,COVID,1.1,39.05,0.11,Low
2026-02-21,7,F048,C19_PPE,COVID,1.1,23.1,0.11,Low
2026-02-21,14,F048,C19_PPE,COVID,1.1,46.2,0.11,Low
2026-02-21,7,F048,GEN_ORZ,General,1.0,30.25,0.1,Low
2026-02-21,14,F048,GEN_ORZ,General,1.0,60.5,0.1,Low
2026-02-21,7,F048,GEN_PARA,General,1.0,35.5,0.1,Low
2026-02-21,14,F048,GEN_PARA,General,1.0,71.0,0.1,Low
2026-02-21,7,F048,HIV_CPT,HIV,1.1,27.78,0.11,Low
2026-02-21,14,F048,HIV_CPT,HIV,1.1,55.55,0.11,Low
2026-02-21,7,F048,HIV_TLD,HIV,1.1,31.9,0.11,Low
2026-02-21,14,F048,HIV_TLD,HIV,1.1,63.8,0.11,Low
2026-02-21,7,F048,MAL_ACT_AD,Malaria,0.9,40.73,0.81,High
2026-02-21,14,F048,MAL_ACT_AD,Malaria,0.9,81.45,0.81,High
2026-02-21,7,F048,MAL_ACT_PD,Malaria,0.9,44.33,0.09,Low
2026-02-21,14,F048,MAL_ACT_PD,Malaria,0.9,88.65,0.09,Low
2026-02-21,7,F048,MAL_RDT,Malaria,0.9,40.27,0.09,Low
2026-02-21,14,F048,MAL_RDT,Malaria,0.9,80.55,0.09,Low
2026-02-21,7,F049,C19_AG,COVID,1.1,8.25,0.11,Low
2026-02-21,14,F049,C19_AG,COVID,1.1,16.5,0.11,Low
2026-02-21,7,F049,C19_O2,COVID,1.1,13.2,0.11,Low
2026-02-21,14,F049,C19_O2,COVID,1.1,26.4,0.11,Low
2026-02-21,7,F049,C19_PPE,COVID,1.1,11.28,0.11,Low
2026-02-21,14,F049,C19_PPE,COVID,1.1,22.55,0.11,Low
2026-02-21,7,F049,GEN_ORZ,General,1.0,15.25,0.1,Low
2026-02-21,14,F049,GEN_ORZ,General,1.0,30.5,0.1,Low
2026-02-21,7,F049,GEN_PARA,General,1.0,17.0,0.1,Low
2026-02-21,14,F049,GEN_PARA,General,1.0,34.0,0.1,Low
2026-02-21,7,F049,HIV_CPT,HIV,1.1,13.48,0.11,Low
2026-02-21,14,F049,HIV_CPT,HIV,1.1,26.95,0.11,Low
2026-02-21,7,F049,HIV_TLD,HIV,1.1,14.03,0.11,Low
2026-02-21,14,F049,HIV_TLD,HIV,1.1,28.05,0.11,Low
2026-02-21,7,F049,MAL_ACT_AD,Malaria,0.9,20.7,0.09,Low
2026-02-21,14,F049,MAL_ACT_AD,Malaria,0.9,41.4,0.09,Low
2026-02-21,7,F049,MAL_ACT_PD,Malaria,0.9,24.3,0.09,Low
2026-02-21,14,F049,MAL_ACT_PD,Malaria,0.9,48.6,0.09,Low
2026-02-21,7,F049,MAL_RDT,Malaria,0.9,17.55,0.09,Low
2026-02-21,14,F049,MAL_RDT,Malaria,0.9,35.1,0.09,Low
2026-02-21,7,F050,C19_AG,COVID,1.1,10.18,0.11,Low
2026-02-21,14,F050,C19_AG,COVID,1.1,20.35,0.11,Low
2026-02-21,7,F050,C19_O2,COVID,1.1,11.0,0.11,Low
2026-02-21,14,F050,C19_O2,COVID,1.1,22.0,0.11,Low
2026-02-21,7,F050,C19_PPE,COVID,1.1,12.65,0.11,Low
2026-02-21,14,F050,C19_PPE,COVID,1.1,25.3,0.11,Low
2026-02-21,7,F050,GEN_ORZ,General,1.0,18.5,0.1,Low
2026-02-21,14,F050,GEN_ORZ,General,1.0,37.0,0.1,Low
2026-02-21,7,F050,GEN_PARA,General,1.0,18.5,0.1,Low
2026-02-21,14,F050,GEN_PARA,General,1.0,37.0,0.1,Low
2026-02-21,7,F050,HIV_CPT,HIV,1.3,20.8,0.13,Low
2026-02-21,14,F050,HIV_CPT,HIV,1.3,41.6,0.13,Low
2026-02-21,7,F050,HIV_TLD,HIV,1.3,18.85,0.13,Low
2026-02-21,14,F050,HIV_TLD,HIV,1.3,37.7,0.13,Low
2026-02-21,7,F050,MAL_ACT_AD,Malaria,0.9,21.15,0.09,Low
2026-02-21,14,F050,MAL_ACT_AD,Malaria,0.9,42.3,0.09,Low
2026-02-21,7,F050,MAL_ACT_PD,Malaria,0.9,22.28,0.09,Low
2026-02-21,14,F050,MAL_ACT_PD,Malaria,0.9,44.55,0.09,Low
2026-02-21,7,F050,MAL_RDT,Malaria,0.9,22.73,0.09,Low
2026-02-21,14,F050,MAL_RDT,Malaria,0.9,45.45,0.09,Low
2026-02-21,7,F051,C19_AG,COVID,1.1,19.8,0.11,Low
2026-02-21,14,F051,C19_AG,COVID,1.1,39.6,0.11,Low
2026-02-21,7,F051,C19_O2,COVID,1.1,13.75,0.11,Low
2026-02-21,14,F051,C19_O2,COVID,1.1,27.5,0.11,Low
2026-02-21,7,F051,C19_PPE,COVID,1.1,11.83,0.11,Low
2026-02-21,14,F051,C19_PPE,COVID,1.1,23.65,0.11,Low
2026-02-21,7,F051,GEN_ORZ,General,1.0,22.5,0.1,Low
2026-02-21,14,F051,GEN_ORZ,General,1.0,45.0,0.1,Low
2026-02-21,7,F051,GEN_PARA,General,1.0,25.5,0.1,Low
2026-02-21,14,F051,GEN_PARA,General,1.0,51.0,0.1,Low
2026-02-21,7,F051,HIV_CPT,HIV,1.1,22.55,0.11,Low
2026-02-21,14,F051,HIV_CPT,HIV,1.1,45.1,0.11,Low
2026-02-21,7,F051,HIV_TLD,HIV,1.1,24.75,0.11,Low
2026-02-21,14,F051,HIV_TLD,HIV,1.1,49.5,0.11,Low
2026-02-21,7,F051,MAL_ACT_AD,Malaria,0.9,40.27,0.09,Low
2026-02-21,14,F051,MAL_ACT_AD,Malaria,0.9,80.55,0.09,Low
2026-02-21,7,F051,MAL_ACT_PD,Malaria,0.9,36.68,0.81,High
2026-02-21,14,F051,MAL_ACT_PD,Malaria,0.9,73.35,0.81,High
2026-02-21,7,F051,MAL_RDT,Malaria,0.9,41.4,0.09,Low
2026-02-21,14,F051,MAL_RDT,Malaria,0.9,82.8,0.09,Low
2026-02-21,7,F052,C19_AG,COVID,1.1,16.77,0.11,Low
2026-02-21,14,F052,C19_AG,COVID,1.1,33.55,0.11,Low
2026-02-21,7,F052,C19_O2,COVID,1.1,15.95,0.11,Low
2026-02-21,14,F052,C19_O2,COVID,1.1,31.9,0.11,Low
2026-02-21,7,F052,C19_PPE,COVID,1.1,19.8,0.11,Low
2026-02-21,14,F052,C19_PPE,COVID,1.1,39.6,0.11,Low
2026-02-21,7,F052,GEN_ORZ,General,1.0,25.75,0.1,Low
2026-02-21,14,F052,GEN_ORZ,General,1.0,51.5,0.1,Low
2026-02-21,7,F052,GEN_PARA,General,1.0,24.75,0.1,Low
2026-02-21,14,F052,GEN_PARA,General,1.0,49.5,0.1,Low
2026-02-21,7,F052,HIV_CPT,HIV,1.3,31.53,0.13,Low
2026-02-21,14,F052,HIV_CPT,HIV,1.3,63.05,0.13,Low
2026-02-21,7,F052,HIV_TLD,HIV,1.3,29.25,0.13,Low
2026-02-21,14,F052,HIV_TLD,HIV,1.3,58.5,0.13,Low
2026-02-21,7,F052,MAL_ACT_AD,Malaria,0.9,26.32,0.09,Low
2026-02-21,14,F052,MAL_ACT_AD,Malaria,0.9,52.65,0.09,Low
2026-02-21,7,F052,MAL_ACT_PD,Malaria,0.9,23.4,0.09,Low
2026-02-21,14,F052,MAL_ACT_PD,Malaria,0.9,46.8,0.09,Low
2026-02-21,7,F052,MAL_RDT,Malaria,0.9,23.85,0.09,Low
2026-02-21,14,F052,MAL_RDT,Malaria,0.9,47.7,0.09,Low
2026-02-21,7,F053,C19_AG,COVID,1.1,16.23,0.11,Low
2026-02-21,14,F053,C19_AG,COVID,1.1,32.45,0.11,Low
2026-02-21,7,F053,C19_O2,COVID,1.1,14.85,0.11,Low
2026-02-21,14,F053,C19_O2,COVID,1.1,29.7,0.11,Low
2026-02-21,7,F053,C19_PPE,COVID,1.1,15.13,0.11,Low
2026-02-21,14,F053,C19_PPE,COVID,1.1,30.25,0.11,Low
2026-02-21,7,F053,GEN_ORZ,General,1.0,21.0,0.1,Low
2026-02-21,14,F053,GEN_ORZ,General,1.0,42.0,0.1,Low
2026-02-21,7,F053,GEN_PARA,General,1.0,24.0,0.1,Low
2026-02-21,14,F053,GEN_PARA,General,1.0,48.0,0.1,Low
2026-02-21,7,F053,HIV_CPT,HIV,1.1,23.1,0.11,Low
2026-02-21,14,F053,HIV_CPT,HIV,1.1,46.2,0.11,Low
2026-02-21,7,F053,HIV_TLD,HIV,1.1,21.18,0.11,Low
2026-02-21,14,F053,HIV_TLD,HIV,1.1,42.35,0.11,Low
2026-02-21,7,F053,MAL_ACT_AD,Malaria,1.1,43.73,0.11,Low
2026-02-21,14,F053,MAL_ACT_AD,Malaria,1.1,87.45,0.11,Low
2026-02-21,7,F053,MAL_ACT_PD,Malaria,1.1,46.2,0.11,Low
2026-02-21,14,F053,MAL_ACT_PD,Malaria,1.1,92.4,0.11,Low
2026-02-21,7,F053,MAL_RDT,Malaria,1.1,46.75,0.11,Low
2026-02-21,14,F053,MAL_RDT,Malaria,1.1,93.5,0.11,Low
2026-02-21,7,F054,C19_AG,COVID,1.1,25.03,0.11,Low
2026-02-21,14,F054,C19_AG,COVID,1.1,50.05,0.11,Low
2026-02-21,7,F054,C19_O2,COVID,1.1,25.3,0.11,Low
2026-02-21,14,F054,C19_O2,COVID,1.1,50.6,0.11,Low
2026-02-21,7,F054,C19_PPE,COVID,1.1,18.15,0.11,Low
2026-02-21,14,F054,C19_PPE,COVID,1.1,36.3,0.11,Low
2026-02-21,7,F054,GEN_ORZ,General,1.0,31.5,0.4,Medium
2026-02-21,14,F054,GEN_ORZ,General,1.0,63.0,0.4,Medium
2026-02-21,7,F054,GEN_PARA,General,1.0,36.25,0.1,Low
2026-02-21,14,F054,GEN_PARA,General,1.0,72.5,0.1,Low
2026-02-21,7,F054,HIV_CPT,HIV,1.1,25.85,0.11,Low
2026-02-21,14,F054,HIV_CPT,HIV,1.1,51.7,0.11,Low
2026-02-21,7,F054,HIV_TLD,HIV,1.1,32.18,0.11,Low
2026-02-21,14,F054,HIV_TLD,HIV,1.1,64.35,0.11,Low
2026-02-21,7,F054,MAL_ACT_AD,Malaria,0.9,40.27,0.81,High
2026-02-21,14,F054,MAL_ACT_AD,Malaria,0.9,80.55,0.81,High
2026-02-21,7,F054,MAL_ACT_PD,Malaria,0.9,40.73,0.09,Low
2026-02-21,14,F054,MAL_ACT_PD,Malaria,0.9,81.45,0.09,Low
2026-02-21,7,F054,MAL_RDT,Malaria,0.9,40.05,0.09,Low
2026-02-21,14,F054,MAL_RDT,Malaria,0.9,80.1,0.09,Low
2026-02-21,7,F055,C19_AG,COVID,0.9,20.48,0.09,Low
2026-02-21,14,F055,C19_AG,COVID,0.9,40.95,0.09,Low
2026-02-21,7,F055,C19_O2,COVID,0.9,18.9,0.09,Low
2026-02-21,14,F055,C19_O2,COVID,0.9,37.8,0.09,Low
2026-02-21,7,F055,C19_PPE,COVID,0.9,22.5,0.09,Low
2026-02-21,14,F055,C19_PPE,COVID,0.9,45.0,0.09,Low
2026-02-21,7,F055,GEN_ORZ,General,1.0,34.5,0.1,Low
2026-02-21,14,F055,GEN_ORZ,General,1.0,69.0,0.1,Low
2026-02-21,7,F055,GEN_PARA,General,1.0,34.75,0.1,Low
2026-02-21,14,F055,GEN_PARA,General,1.0,69.5,0.1,Low
2026-02-21,7,F055,HIV_CPT,HIV,1.1,33.28,0.11,Low
2026-02-21,14,F055,HIV_CPT,HIV,1.1,66.55,0.11,Low
2026-02-21,7,F055,HIV_TLD,HIV,1.1,24.2,0.11,Low
2026-02-21,14,F055,HIV_TLD,HIV,1.1,48.4,0.11,Low
2026-02-21,7,F055,MAL_ACT_AD,Malaria,1.3,138.12,0.13,Low
2026-02-21,14,F055,MAL_ACT_AD,Malaria,1.3,276.25,0.13,Low
2026-02-21,7,F055,MAL_ACT_PD,Malaria,1.3,130.65,0.13,Low
2026-02-21,14,F055,MAL_ACT_PD,Malaria,1.3,261.3,0.13,Low
2026-02-21,7,F055,MAL_RDT,Malaria,1.3,119.6,0.13,Low
2026-02-21,14,F055,MAL_RDT,Malaria,1.3,239.2,0.13,Low
2026-02-21,7,F056,C19_AG,COVID,0.9,12.83,0.09,Low
2026-02-21,14,F056,C19_AG,COVID,0.9,25.65,0.09,Low
2026-02-21,7,F056,C19_O2,COVID,0.9,13.95,0.09,Low
2026-02-21,14,F056,C19_O2,COVID,0.9,27.9,0.09,Low
2026-02-21,7,F056,C19_PPE,COVID,0.9,11.93,0.09,Low
2026-02-21,14,F056,C19_PPE,COVID,0.9,23.85,0.09,Low
2026-02-21,7,F056,GEN_ORZ,General,1.0,24.75,0.1,Low
2026-02-21,14,F056,GEN_ORZ,General,1.0,49.5,0.1,Low
2026-02-21,7,F056,GEN_PARA,General,1.0,23.0,0.1,Low
2026-02-21,14,F056,GEN_PARA,General,1.0,46.0,0.1,Low
2026-02-21,7,F056,HIV_CPT,HIV,1.1,17.6,0.11,Low
2026-02-21,14,F056,HIV_CPT,HIV,1.1,35.2,0.11,Low
2026-02-21,7,F056,HIV_TLD,HIV,1.1,16.5,0.11,Low
2026-02-21,14,F056,HIV_TLD,HIV,1.1,33.0,0.11,Low
2026-02-21,7,F056,MAL_ACT_AD,Malaria,1.3,80.92,1.0,High
2026-02-21,14,F056,MAL_ACT_AD,Malaria,1.3,161.85,1.0,High
2026-02-21,7,F056,MAL_ACT_PD,Malaria,1.3,78.0,0.13,Low
2026-02-21,14,F056,MAL_ACT_PD,Malaria,1.3,156.0,0.13,Low
2026-02-21,7,F056,MAL_RDT,Malaria,1.3,78.98,0.13,Low
2026-02-21,14,F056,MAL_RDT,Malaria,1.3,157.95,0.13,Low
2026-02-21,7,F057,C19_AG,COVID,1.1,9.9,0.11,Low
2026-02-21,14,F057,C19_AG,COVID,1.1,19.8,0.11,Low
2026-02-21,7,F057,C19_O2,COVID,1.1,8.8,0.11,Low
2026-02-21,14,F057,C19_O2,COVID,1.1,17.6,0.11,Low
2026-02-21,7,F057,C19_PPE,COVID,1.1,9.35,0.11,Low
2026-02-21,14,F057,C19_PPE,COVID,1.1,18.7,0.11,Low
2026-02-21,7,F057,GEN_ORZ,General,1.0,19.5,0.1,Low
2026-02-21,14,F057,GEN_ORZ,General,1.0,39.0,0.1,Low
2026-02-21,7,F057,GEN_PARA,General,1.0,18.5,0.1,Low
2026-02-21,14,F057,GEN_PARA,General,1.0,37.0,0.1,Low
2026-02-21,7,F057,HIV_CPT,HIV,1.1,14.85,0.11,Low
2026-02-21,14,F057,HIV_CPT,HIV,1.1,29.7,0.11,Low
2026-02-21,7,F057,HIV_TLD,HIV,1.1,16.77,0.11,Low
2026-02-21,14,F057,HIV_TLD,HIV,1.1,33.55,0.11,Low
2026-02-21,7,F057,MAL_ACT_AD,Malaria,0.9,22.05,0.09,Low
2026-02-21,14,F057,MAL_ACT_AD,Malaria,0.9,44.1,0.09,Low
2026-02-21,7,F057,MAL_ACT_PD,Malaria,0.9,20.03,0.09,Low
2026-02-21,14,F057,MAL_ACT_PD,Malaria,0.9,40.05,0.09,Low
2026-02-21,7,F057,MAL_RDT,Malaria,0.9,19.57,0.81,High
2026-02-21,14,F057,MAL_RDT,Malaria,0.9,39.15,0.81,High
2026-02-21,7,F058,C19_AG,COVID,1.1,16.23,0.11,Low
2026-02-21,14,F058,C19_AG,COVID,1.1,32.45,0.11,Low
2026-02-21,7,F058,C19_O2,COVID,1.1,18.7,0.11,Low
2026-02-21,14,F058,C19_O2,COVID,1.1,37.4,0.11,Low
2026-02-21,7,F058,C19_PPE,COVID,1.1,18.98,0.11,Low
2026-02-21,14,F058,C19_PPE,COVID,1.1,37.95,0.11,Low
2026-02-21,7,F058,GEN_ORZ,General,1.0,26.0,0.1,Low
2026-02-21,14,F058,GEN_ORZ,General,1.0,52.0,0.1,Low
2026-02-21,7,F058,GEN_PARA,General,1.0,23.5,0.1,Low
2026-02-21,14,F058,GEN_PARA,General,1.0,47.0,0.1,Low
2026-02-21,7,F058,HIV_CPT,HIV,1.3,28.6,0.13,Low
2026-02-21,14,F058,HIV_CPT,HIV,1.3,57.2,0.13,Low
2026-02-21,7,F058,HIV_TLD,HIV,1.3,29.9,0.13,Low
2026-02-21,14,F058,HIV_TLD,HIV,1.3,59.8,0.13,Low
2026-02-21,7,F058,MAL_ACT_AD,Malaria,0.9,24.3,0.09,Low
2026-02-21,14,F058,MAL_ACT_AD,Malaria,0.9,48.6,0.09,Low
2026-02-21,7,F058,MAL_ACT_PD,Malaria,0.9,26.32,0.09,Low
2026-02-21,14,F058,MAL_ACT_PD,Malaria,0.9,52.65,0.09,Low
2026-02-21,7,F058,MAL_RDT,Malaria,0.9,25.65,0.09,Low
2026-02-21,14,F058,MAL_RDT,Malaria,0.9,51.3,0.09,Low
2026-02-21,7,F059,C19_AG,COVID,1.3,20.15,0.13,Low
2026-02-21,14,F059,C19_AG,COVID,1.3,40.3,0.13,Low
2026-02-21,7,F059,C19_O2,COVID,1.3,25.03,0.13,Low
2026-02-21,14,F059,C19_O2,COVID,1.3,50.05,0.13,Low
2026-02-21,7,F059,C19_PPE,COVID,1.3,23.4,0.13,Low
2026-02-21,14,F059,C19_PPE,COVID,1.3,46.8,0.13,Low
2026-02-21,7,F059,GEN_ORZ,General,1.0,20.75,0.1,Low
2026-02-21,14,F059,GEN_ORZ,General,1.0,41.5,0.1,Low
2026-02-21,7,F059,GEN_PARA,General,1.0,28.25,0.1,Low
2026-02-21,14,F059,GEN_PARA,General,1.0,56.5,0.1,Low
2026-02-21,7,F059,HIV_CPT,HIV,1.1,23.65,0.11,Low
2026-02-21,14,F059,HIV_CPT,HIV,1.1,47.3,0.11,Low
2026-02-21,7,F059,HIV_TLD,HIV,1.1,23.65,0.11,Low
2026-02-21,14,F059,HIV_TLD,HIV,1.1,47.3,0.11,Low
2026-02-21,7,F059,MAL_ACT_AD,Malaria,1.3,86.78,0.13,Low
2026-02-21,14,F059,MAL_ACT_AD,Malaria,1.3,173.55,0.13,Low
2026-02-21,7,F059,MAL_ACT_PD,Malaria,1.3,87.42,0.91,High
2026-02-21,14,F059,MAL_ACT_PD,Malaria,1.3,174.85,0.91,High
2026-02-21,7,F059,MAL_RDT,Malaria,1.3,90.67,0.13,Low
2026-02-21,14,F059,MAL_RDT,Malaria,1.3,181.35,0.13,Low
2026-02-21,7,F060,C19_AG,COVID,1.1,16.5,0.11,Low
2026-02-21,14,F060,C19_AG,COVID,1.1,33.0,0.11,Low
2026-02-21,7,F060,C19_O2,COVID,1.1,16.5,0.11,Low
2026-02-21,14,F060,C19_O2,COVID,1.1,33.0,0.11,Low
2026-02-21,7,F060,C19_PPE,COVID,1.1,18.98,0.11,Low
2026-02-21,14,F060,C19_PPE,COVID,1.1,37.95,0.11,Low
2026-02-21,7,F060,GEN_ORZ,General,1.0,21.0,0.1,Low
2026-02-21,14,F060,GEN_ORZ,General,1.0,42.0,0.1,Low
2026-02-21,7,F060,GEN_PARA,General,1.0,25.5,0.1,Low
2026-02-21,14,F060,GEN_PARA,General,1.0,51.0,0.1,Low
2026-02-21,7,F060,HIV_CPT,HIV,1.3,27.62,0.13,Low
2026-02-21,14,F060,HIV_CPT,HIV,1.3,55.25,0.13,Low
2026-02-21,7,F060,HIV_TLD,HIV,1.3,27.3,0.13,Low
2026-02-21,14,F060,HIV_TLD,HIV,1.3,54.6,0.13,Low
2026-02-21,7,F060,MAL_ACT_AD,Malaria,0.9,25.2,0.09,Low
2026-02-21,14,F060,MAL_ACT_AD,Malaria,0.9,50.4,0.09,Low
2026-02-21,7,F060,MAL_ACT_PD,Malaria,0.9,28.35,0.09,Low
2026-02-21,14,F060,MAL_ACT_PD,Malaria,0.9,56.7,0.09,Low
2026-02-21,7,F060,MAL_RDT,Malaria,0.9,28.57,0.09,Low
2026-02-21,14,F060,MAL_RDT,Malaria,0.9,57.15,0.09,Low
